region_code,region,tipo_de_captación,periodo,total
00,Total Nacional,Total,2022,3.405.171
00,Total Nacional,Total,2020,3.238.172
00,Total Nacional,Total,2018,3.178.653
00,Total Nacional,Total,2016,3.553.637
00,Total Nacional,Total,2014,3.599.437
00,Total Nacional,Total,2013,3.735.690
00,Total Nacional,Total,2012,3.562.119
00,Total Nacional,Total,2011,3.391.477
00,Total Nacional,Total,2010,3.635.655
00,Total Nacional,Total,2009,3.739.127
00,Total Nacional,Total,2008,3.757.106
00,Total Nacional,Total,2007,3.762.619
00,Total Nacional,Total,2006,3.840.220
00,Total Nacional,Total,2005,4.066.341
00,Total Nacional,Total,2004,4.193.613
00,Total Nacional,Total,2003,4.214.160
00,Total Nacional,Total,2002,4.105.632
00,Total Nacional,Total,2001,4.183.657
00,Total Nacional,Total,2000,4.013.562
00,Total Nacional,Aguas superficiales,2022,2.260.877
00,Total Nacional,Aguas superficiales,2020,2.153.165
00,Total Nacional,Aguas superficiales,2018,2.040.822
00,Total Nacional,Aguas superficiales,2016,2.332.169
00,Total Nacional,Aguas superficiales,2014,2.436.040
00,Total Nacional,Aguas superficiales,2013,2.479.923
00,Total Nacional,Aguas superficiales,2012,2.402.343
00,Total Nacional,Aguas superficiales,2011,2.258.931
00,Total Nacional,Aguas superficiales,2010,2.463.835
00,Total Nacional,Aguas superficiales,2009,2.517.139
00,Total Nacional,Aguas superficiales,2008,2.443.677
00,Total Nacional,Aguas superficiales,2007,2.406.481
00,Total Nacional,Aguas superficiales,2006,2.511.679
00,Total Nacional,Aguas superficiales,2005,2.811.633
00,Total Nacional,Aguas superficiales,2004,2.978.828
00,Total Nacional,Aguas superficiales,2003,2.906.338
00,Total Nacional,Aguas superficiales,2002,2.980.542
00,Total Nacional,Aguas superficiales,2001,3.094.641
00,Total Nacional,Aguas superficiales,2000,2.999.577
00,Total Nacional,Aguas subterráneas,2022,827.843
00,Total Nacional,Aguas subterráneas,2020,892.819
00,Total Nacional,Aguas subterráneas,2018,983.895
00,Total Nacional,Aguas subterráneas,2016,1.050.738
00,Total Nacional,Aguas subterráneas,2014,1.003.828
00,Total Nacional,Aguas subterráneas,2013,1.124.635
00,Total Nacional,Aguas subterráneas,2012,1.057.111
00,Total Nacional,Aguas subterráneas,2011,1.004.668
00,Total Nacional,Aguas subterráneas,2010,1.065.852
00,Total Nacional,Aguas subterráneas,2009,1.118.600
00,Total Nacional,Aguas subterráneas,2008,1.212.979
00,Total Nacional,Aguas subterráneas,2007,1.226.742
00,Total Nacional,Aguas subterráneas,2006,1.220.691
00,Total Nacional,Aguas subterráneas,2005,1.147.594
00,Total Nacional,Aguas subterráneas,2004,1.094.961
00,Total Nacional,Aguas subterráneas,2003,1.179.605
00,Total Nacional,Aguas subterráneas,2002,996.163
00,Total Nacional,Aguas subterráneas,2001,970.566
00,Total Nacional,Aguas subterráneas,2000,928.413
00,Total Nacional,Desalación,2022,316.451
00,Total Nacional,Desalación,2020,192.188
00,Total Nacional,Desalación,2018,153.936
00,Total Nacional,Desalación,2016,170.730
00,Total Nacional,Desalación,2014,159.569
00,Total Nacional,Desalación,2013,131.132
00,Total Nacional,Desalación,2012,102.665
00,Total Nacional,Desalación,2011,127.878
00,Total Nacional,Desalación,2010,105.968
00,Total Nacional,Desalación,2009,103.388
00,Total Nacional,Desalación,2008,100.450
00,Total Nacional,Desalación,2007,129.396
00,Total Nacional,Desalación,2006,107.850
00,Total Nacional,Desalación,2005,107.114
00,Total Nacional,Desalación,2004,119.824
00,Total Nacional,Desalación,2003,128.217
00,Total Nacional,Desalación,2002,128.927
00,Total Nacional,Desalación,2001,118.450
00,Total Nacional,Desalación,2000,85.572
01,Andalucía,Total,2022,457.514
01,Andalucía,Total,2020,590.918
01,Andalucía,Total,2018,600.535
01,Andalucía,Total,2016,612.671
01,Andalucía,Total,2014,583.899
01,Andalucía,Total,2013,640.220
01,Andalucía,Total,2012,610.179
01,Andalucía,Total,2011,562.323
01,Andalucía,Total,2010,573.925
01,Andalucía,Total,2009,625.878
01,Andalucía,Total,2008,550.577
01,Andalucía,Total,2007,586.986
01,Andalucía,Total,2006,678.959
01,Andalucía,Total,2005,779.698
01,Andalucía,Total,2004,772.806
01,Andalucía,Total,2003,676.710
01,Andalucía,Total,2002,708.812
01,Andalucía,Total,2001,706.776
01,Andalucía,Total,2000,628.876
01,Andalucía,Aguas superficiales,2022,261.335
01,Andalucía,Aguas superficiales,2020,361.369
01,Andalucía,Aguas superficiales,2018,364.271
01,Andalucía,Aguas superficiales,2016,336.107
01,Andalucía,Aguas superficiales,2014,356.840
01,Andalucía,Aguas superficiales,2013,331.069
01,Andalucía,Aguas superficiales,2012,337.180
01,Andalucía,Aguas superficiales,2011,301.187
01,Andalucía,Aguas superficiales,2010,344.652
01,Andalucía,Aguas superficiales,2009,392.699
01,Andalucía,Aguas superficiales,2008,332.034
01,Andalucía,Aguas superficiales,2007,367.094
01,Andalucía,Aguas superficiales,2006,475.485
01,Andalucía,Aguas superficiales,2005,497.294
01,Andalucía,Aguas superficiales,2004,528.170
01,Andalucía,Aguas superficiales,2003,503.639
01,Andalucía,Aguas superficiales,2002,497.636
01,Andalucía,Aguas superficiales,2001,525.574
01,Andalucía,Aguas superficiales,2000,482.584
01,Andalucía,Aguas subterráneas,2022,178.375
01,Andalucía,Aguas subterráneas,2020,217.914
01,Andalucía,Aguas subterráneas,2018,220.990
01,Andalucía,Aguas subterráneas,2016,262.459
01,Andalucía,Aguas subterráneas,2014,213.478
01,Andalucía,Aguas subterráneas,2013,302.560
01,Andalucía,Aguas subterráneas,2012,250.593
01,Andalucía,Aguas subterráneas,2011,249.698
01,Andalucía,Aguas subterráneas,2010,227.524
01,Andalucía,Aguas subterráneas,2009,216.448
01,Andalucía,Aguas subterráneas,2008,212.270
01,Andalucía,Aguas subterráneas,2007,205.188
01,Andalucía,Aguas subterráneas,2006,196.448
01,Andalucía,Aguas subterráneas,2005,282.404
01,Andalucía,Aguas subterráneas,2004,242.861
01,Andalucía,Aguas subterráneas,2003,169.926
01,Andalucía,Aguas subterráneas,2002,208.233
01,Andalucía,Aguas subterráneas,2001,178.615
01,Andalucía,Aguas subterráneas,2000,144.169
01,Andalucía,Desalación,2022,17.805
01,Andalucía,Desalación,2020,11.635
01,Andalucía,Desalación,2018,15.274
01,Andalucía,Desalación,2016,14.105
01,Andalucía,Desalación,2014,13.581
01,Andalucía,Desalación,2013,6.591
01,Andalucía,Desalación,2012,22.406
01,Andalucía,Desalación,2011,11.438
01,Andalucía,Desalación,2010,1.749
01,Andalucía,Desalación,2009,16.731
01,Andalucía,Desalación,2008,6.273
01,Andalucía,Desalación,2007,14.704
01,Andalucía,Desalación,2006,7.026
01,Andalucía,Desalación,2005,0
01,Andalucía,Desalación,2004,1.775
01,Andalucía,Desalación,2003,3.145
01,Andalucía,Desalación,2002,2.943
01,Andalucía,Desalación,2001,2.587
01,Andalucía,Desalación,2000,2.123
02,Aragón,Total,2022,160.424
02,Aragón,Total,2020,128.134
02,Aragón,Total,2018,108.880
02,Aragón,Total,2016,248.544
02,Aragón,Total,2014,241.843
02,Aragón,Total,2013,180.839
02,Aragón,Total,2012,233.520
02,Aragón,Total,2011,93.312
02,Aragón,Total,2010,94.799
02,Aragón,Total,2009,103.556
02,Aragón,Total,2008,85.417
02,Aragón,Total,2007,75.108
02,Aragón,Total,2006,70.171
02,Aragón,Total,2005,126.266
02,Aragón,Total,2004,108.115
02,Aragón,Total,2003,105.481
02,Aragón,Total,2002,76.605
02,Aragón,Total,2001,65.260
02,Aragón,Total,2000,60.601
02,Aragón,Aguas superficiales,2022,156.554
02,Aragón,Aguas superficiales,2020,122.278
02,Aragón,Aguas superficiales,2018,99.586
02,Aragón,Aguas superficiales,2016,238.403
02,Aragón,Aguas superficiales,2014,227.166
02,Aragón,Aguas superficiales,2013,178.137
02,Aragón,Aguas superficiales,2012,227.047
02,Aragón,Aguas superficiales,2011,86.126
02,Aragón,Aguas superficiales,2010,86.070
02,Aragón,Aguas superficiales,2009,94.694
02,Aragón,Aguas superficiales,2008,76.357
02,Aragón,Aguas superficiales,2007,63.773
02,Aragón,Aguas superficiales,2006,64.740
02,Aragón,Aguas superficiales,2005,117.217
02,Aragón,Aguas superficiales,2004,95.299
02,Aragón,Aguas superficiales,2003,92.345
02,Aragón,Aguas superficiales,2002,65.707
02,Aragón,Aguas superficiales,2001,54.551
02,Aragón,Aguas superficiales,2000,51.142
02,Aragón,Aguas subterráneas,2022,3.870
02,Aragón,Aguas subterráneas,2020,5.856
02,Aragón,Aguas subterráneas,2018,9.294
02,Aragón,Aguas subterráneas,2016,10.141
02,Aragón,Aguas subterráneas,2014,14.677
02,Aragón,Aguas subterráneas,2013,2.702
02,Aragón,Aguas subterráneas,2012,6.473
02,Aragón,Aguas subterráneas,2011,7.186
02,Aragón,Aguas subterráneas,2010,8.729
02,Aragón,Aguas subterráneas,2009,8.862
02,Aragón,Aguas subterráneas,2008,9.060
02,Aragón,Aguas subterráneas,2007,11.335
02,Aragón,Aguas subterráneas,2006,5.431
02,Aragón,Aguas subterráneas,2005,9.049
02,Aragón,Aguas subterráneas,2004,12.816
02,Aragón,Aguas subterráneas,2003,13.136
02,Aragón,Aguas subterráneas,2002,10.898
02,Aragón,Aguas subterráneas,2001,10.709
02,Aragón,Aguas subterráneas,2000,9.459
02,Aragón,Desalación,2022,0
02,Aragón,Desalación,2020,0
02,Aragón,Desalación,2018,0
02,Aragón,Desalación,2016,0
02,Aragón,Desalación,2014,0
02,Aragón,Desalación,2013,0
02,Aragón,Desalación,2012,0
02,Aragón,Desalación,2011,0
02,Aragón,Desalación,2010,0
02,Aragón,Desalación,2009,0
02,Aragón,Desalación,2008,0
02,Aragón,Desalación,2007,0
02,Aragón,Desalación,2006,0
02,Aragón,Desalación,2005,0
02,Aragón,Desalación,2004,0
02,Aragón,Desalación,2003,0
02,Aragón,Desalación,2002,0
02,Aragón,Desalación,2001,0
02,Aragón,Desalación,2000,0
03,"Asturias, Principado de",Total,2022,102.168
03,"Asturias, Principado de",Total,2020,91.023
03,"Asturias, Principado de",Total,2018,73.899
03,"Asturias, Principado de",Total,2016,97.907
03,"Asturias, Principado de",Total,2014,161.706
03,"Asturias, Principado de",Total,2013,207.539
03,"Asturias, Principado de",Total,2012,147.135
03,"Asturias, Principado de",Total,2011,149.213
03,"Asturias, Principado de",Total,2010,158.505
03,"Asturias, Principado de",Total,2009,151.757
03,"Asturias, Principado de",Total,2008,128.118
03,"Asturias, Principado de",Total,2007,122.445
03,"Asturias, Principado de",Total,2006,84.198
03,"Asturias, Principado de",Total,2005,130.126
03,"Asturias, Principado de",Total,2004,116.525
03,"Asturias, Principado de",Total,2003,91.384
03,"Asturias, Principado de",Total,2002,89.914
03,"Asturias, Principado de",Total,2001,87.224
03,"Asturias, Principado de",Total,2000,79.780
03,"Asturias, Principado de",Aguas superficiales,2022,72.202
03,"Asturias, Principado de",Aguas superficiales,2020,64.539
03,"Asturias, Principado de",Aguas superficiales,2018,65.368
03,"Asturias, Principado de",Aguas superficiales,2016,74.613
03,"Asturias, Principado de",Aguas superficiales,2014,140.236
03,"Asturias, Principado de",Aguas superficiales,2013,178.431
03,"Asturias, Principado de",Aguas superficiales,2012,119.296
03,"Asturias, Principado de",Aguas superficiales,2011,140.305
03,"Asturias, Principado de",Aguas superficiales,2010,147.373
03,"Asturias, Principado de",Aguas superficiales,2009,138.156
03,"Asturias, Principado de",Aguas superficiales,2008,107.628
03,"Asturias, Principado de",Aguas superficiales,2007,101.065
03,"Asturias, Principado de",Aguas superficiales,2006,63.002
03,"Asturias, Principado de",Aguas superficiales,2005,95.747
03,"Asturias, Principado de",Aguas superficiales,2004,96.262
03,"Asturias, Principado de",Aguas superficiales,2003,76.349
03,"Asturias, Principado de",Aguas superficiales,2002,77.202
03,"Asturias, Principado de",Aguas superficiales,2001,76.129
03,"Asturias, Principado de",Aguas superficiales,2000,67.676
03,"Asturias, Principado de",Aguas subterráneas,2022,29.967
03,"Asturias, Principado de",Aguas subterráneas,2020,26.484
03,"Asturias, Principado de",Aguas subterráneas,2018,8.531
03,"Asturias, Principado de",Aguas subterráneas,2016,23.294
03,"Asturias, Principado de",Aguas subterráneas,2014,21.470
03,"Asturias, Principado de",Aguas subterráneas,2013,29.108
03,"Asturias, Principado de",Aguas subterráneas,2012,27.839
03,"Asturias, Principado de",Aguas subterráneas,2011,8.908
03,"Asturias, Principado de",Aguas subterráneas,2010,11.132
03,"Asturias, Principado de",Aguas subterráneas,2009,13.601
03,"Asturias, Principado de",Aguas subterráneas,2008,20.490
03,"Asturias, Principado de",Aguas subterráneas,2007,21.380
03,"Asturias, Principado de",Aguas subterráneas,2006,21.196
03,"Asturias, Principado de",Aguas subterráneas,2005,34.379
03,"Asturias, Principado de",Aguas subterráneas,2004,20.263
03,"Asturias, Principado de",Aguas subterráneas,2003,15.035
03,"Asturias, Principado de",Aguas subterráneas,2002,12.592
03,"Asturias, Principado de",Aguas subterráneas,2001,11.095
03,"Asturias, Principado de",Aguas subterráneas,2000,12.104
03,"Asturias, Principado de",Desalación,2022,0
03,"Asturias, Principado de",Desalación,2020,0
03,"Asturias, Principado de",Desalación,2018,0
03,"Asturias, Principado de",Desalación,2016,0
03,"Asturias, Principado de",Desalación,2014,0
03,"Asturias, Principado de",Desalación,2013,0
03,"Asturias, Principado de",Desalación,2012,0
03,"Asturias, Principado de",Desalación,2011,0
03,"Asturias, Principado de",Desalación,2010,0
03,"Asturias, Principado de",Desalación,2009,0
03,"Asturias, Principado de",Desalación,2008,0
03,"Asturias, Principado de",Desalación,2007,0
03,"Asturias, Principado de",Desalación,2006,0
03,"Asturias, Principado de",Desalación,2005,0
03,"Asturias, Principado de",Desalación,2004,0
03,"Asturias, Principado de",Desalación,2003,0
03,"Asturias, Principado de",Desalación,2002,120
03,"Asturias, Principado de",Desalación,2001,0
03,"Asturias, Principado de",Desalación,2000,0
04,"Balears, Illes",Total,2022,71.556
04,"Balears, Illes",Total,2020,75.897
04,"Balears, Illes",Total,2018,96.072
04,"Balears, Illes",Total,2016,92.817
04,"Balears, Illes",Total,2014,110.406
04,"Balears, Illes",Total,2013,108.873
04,"Balears, Illes",Total,2012,61.926
04,"Balears, Illes",Total,2011,69.586
04,"Balears, Illes",Total,2010,80.421
04,"Balears, Illes",Total,2009,79.502
04,"Balears, Illes",Total,2008,86.700
04,"Balears, Illes",Total,2007,81.271
04,"Balears, Illes",Total,2006,74.892
04,"Balears, Illes",Total,2005,85.626
04,"Balears, Illes",Total,2004,87.807
04,"Balears, Illes",Total,2003,67.102
04,"Balears, Illes",Total,2002,68.206
04,"Balears, Illes",Total,2001,61.732
04,"Balears, Illes",Total,2000,76.210
04,"Balears, Illes",Aguas superficiales,2022,14.785
04,"Balears, Illes",Aguas superficiales,2020,14.671
04,"Balears, Illes",Aguas superficiales,2018,11.532
04,"Balears, Illes",Aguas superficiales,2016,4.955
04,"Balears, Illes",Aguas superficiales,2014,11.561
04,"Balears, Illes",Aguas superficiales,2013,8.487
04,"Balears, Illes",Aguas superficiales,2012,11.088
04,"Balears, Illes",Aguas superficiales,2011,10.689
04,"Balears, Illes",Aguas superficiales,2010,24.057
04,"Balears, Illes",Aguas superficiales,2009,21.651
04,"Balears, Illes",Aguas superficiales,2008,14.751
04,"Balears, Illes",Aguas superficiales,2007,18.603
04,"Balears, Illes",Aguas superficiales,2006,25.932
04,"Balears, Illes",Aguas superficiales,2005,22.898
04,"Balears, Illes",Aguas superficiales,2004,36.588
04,"Balears, Illes",Aguas superficiales,2003,16.854
04,"Balears, Illes",Aguas superficiales,2002,21.905
04,"Balears, Illes",Aguas superficiales,2001,16.343
04,"Balears, Illes",Aguas superficiales,2000,22.525
04,"Balears, Illes",Aguas subterráneas,2022,42.881
04,"Balears, Illes",Aguas subterráneas,2020,45.781
04,"Balears, Illes",Aguas subterráneas,2018,77.076
04,"Balears, Illes",Aguas subterráneas,2016,79.307
04,"Balears, Illes",Aguas subterráneas,2014,82.268
04,"Balears, Illes",Aguas subterráneas,2013,76.578
04,"Balears, Illes",Aguas subterráneas,2012,50.838
04,"Balears, Illes",Aguas subterráneas,2011,46.264
04,"Balears, Illes",Aguas subterráneas,2010,48.692
04,"Balears, Illes",Aguas subterráneas,2009,48.255
04,"Balears, Illes",Aguas subterráneas,2008,65.497
04,"Balears, Illes",Aguas subterráneas,2007,55.846
04,"Balears, Illes",Aguas subterráneas,2006,41.289
04,"Balears, Illes",Aguas subterráneas,2005,53.362
04,"Balears, Illes",Aguas subterráneas,2004,38.765
04,"Balears, Illes",Aguas subterráneas,2003,43.367
04,"Balears, Illes",Aguas subterráneas,2002,43.669
04,"Balears, Illes",Aguas subterráneas,2001,45.038
04,"Balears, Illes",Aguas subterráneas,2000,52.915
04,"Balears, Illes",Desalación,2022,13.890
04,"Balears, Illes",Desalación,2020,15.445
04,"Balears, Illes",Desalación,2018,7.464
04,"Balears, Illes",Desalación,2016,8.555
04,"Balears, Illes",Desalación,2014,16.577
04,"Balears, Illes",Desalación,2013,23.808
04,"Balears, Illes",Desalación,2012,0
04,"Balears, Illes",Desalación,2011,12.633
04,"Balears, Illes",Desalación,2010,7.672
04,"Balears, Illes",Desalación,2009,9.596
04,"Balears, Illes",Desalación,2008,6.452
04,"Balears, Illes",Desalación,2007,6.822
04,"Balears, Illes",Desalación,2006,7.671
04,"Balears, Illes",Desalación,2005,9.366
04,"Balears, Illes",Desalación,2004,12.454
04,"Balears, Illes",Desalación,2003,6.881
04,"Balears, Illes",Desalación,2002,2.632
04,"Balears, Illes",Desalación,2001,351
04,"Balears, Illes",Desalación,2000,770
05,Canarias,Total,2022,235.411
05,Canarias,Total,2020,156.629
05,Canarias,Total,2018,136.016
05,Canarias,Total,2016,136.565
05,Canarias,Total,2014,138.593
05,Canarias,Total,2013,115.299
05,Canarias,Total,2012,127.247
05,Canarias,Total,2011,133.361
05,Canarias,Total,2010,145.573
05,Canarias,Total,2009,140.050
05,Canarias,Total,2008,139.390
05,Canarias,Total,2007,172.922
05,Canarias,Total,2006,129.549
05,Canarias,Total,2005,130.237
05,Canarias,Total,2004,135.486
05,Canarias,Total,2003,127.948
05,Canarias,Total,2002,126.601
05,Canarias,Total,2001,104.166
05,Canarias,Total,2000,107.453
05,Canarias,Aguas superficiales,2022,225
05,Canarias,Aguas superficiales,2020,18
05,Canarias,Aguas superficiales,2018,2.996
05,Canarias,Aguas superficiales,2016,734
05,Canarias,Aguas superficiales,2014,5.404
05,Canarias,Aguas superficiales,2013,9.646
05,Canarias,Aguas superficiales,2012,23.411
05,Canarias,Aguas superficiales,2011,22.534
05,Canarias,Aguas superficiales,2010,47.386
05,Canarias,Aguas superficiales,2009,38.776
05,Canarias,Aguas superficiales,2008,29.544
05,Canarias,Aguas superficiales,2007,33.549
05,Canarias,Aguas superficiales,2006,38.385
05,Canarias,Aguas superficiales,2005,17.881
05,Canarias,Aguas superficiales,2004,18.410
05,Canarias,Aguas superficiales,2003,14.709
05,Canarias,Aguas superficiales,2002,19.118
05,Canarias,Aguas superficiales,2001,14.586
05,Canarias,Aguas superficiales,2000,18.961
05,Canarias,Aguas subterráneas,2022,14.410
05,Canarias,Aguas subterráneas,2020,10.067
05,Canarias,Aguas subterráneas,2018,11.674
05,Canarias,Aguas subterráneas,2016,7.288
05,Canarias,Aguas subterráneas,2014,7.803
05,Canarias,Aguas subterráneas,2013,7.382
05,Canarias,Aguas subterráneas,2012,29.100
05,Canarias,Aguas subterráneas,2011,7.192
05,Canarias,Aguas subterráneas,2010,8.652
05,Canarias,Aguas subterráneas,2009,31.580
05,Canarias,Aguas subterráneas,2008,40.257
05,Canarias,Aguas subterráneas,2007,54.873
05,Canarias,Aguas subterráneas,2006,24.173
05,Canarias,Aguas subterráneas,2005,40.415
05,Canarias,Aguas subterráneas,2004,39.025
05,Canarias,Aguas subterráneas,2003,42.423
05,Canarias,Aguas subterráneas,2002,21.452
05,Canarias,Aguas subterráneas,2001,16.778
05,Canarias,Aguas subterráneas,2000,11.657
05,Canarias,Desalación,2022,220.776
05,Canarias,Desalación,2020,146.544
05,Canarias,Desalación,2018,121.346
05,Canarias,Desalación,2016,128.543
05,Canarias,Desalación,2014,125.386
05,Canarias,Desalación,2013,98.271
05,Canarias,Desalación,2012,74.736
05,Canarias,Desalación,2011,103.635
05,Canarias,Desalación,2010,89.535
05,Canarias,Desalación,2009,69.694
05,Canarias,Desalación,2008,69.589
05,Canarias,Desalación,2007,84.500
05,Canarias,Desalación,2006,66.991
05,Canarias,Desalación,2005,71.941
05,Canarias,Desalación,2004,78.051
05,Canarias,Desalación,2003,70.816
05,Canarias,Desalación,2002,86.031
05,Canarias,Desalación,2001,72.802
05,Canarias,Desalación,2000,76.835
06,Cantabria,Total,2022,15.079
06,Cantabria,Total,2020,41.199
06,Cantabria,Total,2018,35.157
06,Cantabria,Total,2016,38.358
06,Cantabria,Total,2014,41.724
06,Cantabria,Total,2013,40.043
06,Cantabria,Total,2012,43.030
06,Cantabria,Total,2011,42.131
06,Cantabria,Total,2010,45.382
06,Cantabria,Total,2009,50.832
06,Cantabria,Total,2008,28.945
06,Cantabria,Total,2007,41.944
06,Cantabria,Total,2006,25.109
06,Cantabria,Total,2005,65.710
06,Cantabria,Total,2004,63.672
06,Cantabria,Total,2003,80.176
06,Cantabria,Total,2002,78.256
06,Cantabria,Total,2001,76.922
06,Cantabria,Total,2000,76.781
06,Cantabria,Aguas superficiales,2022,11.794
06,Cantabria,Aguas superficiales,2020,24.719
06,Cantabria,Aguas superficiales,2018,16.898
06,Cantabria,Aguas superficiales,2016,16.767
06,Cantabria,Aguas superficiales,2014,36.222
06,Cantabria,Aguas superficiales,2013,14.659
06,Cantabria,Aguas superficiales,2012,16.445
06,Cantabria,Aguas superficiales,2011,14.336
06,Cantabria,Aguas superficiales,2010,8.981
06,Cantabria,Aguas superficiales,2009,5.127
06,Cantabria,Aguas superficiales,2008,23.662
06,Cantabria,Aguas superficiales,2007,35.384
06,Cantabria,Aguas superficiales,2006,23.140
06,Cantabria,Aguas superficiales,2005,62.654
06,Cantabria,Aguas superficiales,2004,57.437
06,Cantabria,Aguas superficiales,2003,71.865
06,Cantabria,Aguas superficiales,2002,74.590
06,Cantabria,Aguas superficiales,2001,68.636
06,Cantabria,Aguas superficiales,2000,72.531
06,Cantabria,Aguas subterráneas,2022,3.285
06,Cantabria,Aguas subterráneas,2020,16.480
06,Cantabria,Aguas subterráneas,2018,18.259
06,Cantabria,Aguas subterráneas,2016,21.591
06,Cantabria,Aguas subterráneas,2014,5.502
06,Cantabria,Aguas subterráneas,2013,25.384
06,Cantabria,Aguas subterráneas,2012,26.585
06,Cantabria,Aguas subterráneas,2011,27.795
06,Cantabria,Aguas subterráneas,2010,36.401
06,Cantabria,Aguas subterráneas,2009,45.705
06,Cantabria,Aguas subterráneas,2008,5.283
06,Cantabria,Aguas subterráneas,2007,6.560
06,Cantabria,Aguas subterráneas,2006,1.969
06,Cantabria,Aguas subterráneas,2005,3.056
06,Cantabria,Aguas subterráneas,2004,6.235
06,Cantabria,Aguas subterráneas,2003,8.311
06,Cantabria,Aguas subterráneas,2002,3.666
06,Cantabria,Aguas subterráneas,2001,8.286
06,Cantabria,Aguas subterráneas,2000,4.250
06,Cantabria,Desalación,2022,0
06,Cantabria,Desalación,2020,0
06,Cantabria,Desalación,2018,0
06,Cantabria,Desalación,2016,0
06,Cantabria,Desalación,2014,0
06,Cantabria,Desalación,2013,0
06,Cantabria,Desalación,2012,0
06,Cantabria,Desalación,2011,0
06,Cantabria,Desalación,2010,0
06,Cantabria,Desalación,2009,0
06,Cantabria,Desalación,2008,0
06,Cantabria,Desalación,2007,0
06,Cantabria,Desalación,2006,0
06,Cantabria,Desalación,2005,0
06,Cantabria,Desalación,2004,0
06,Cantabria,Desalación,2003,0
06,Cantabria,Desalación,2002,0
06,Cantabria,Desalación,2001,0
06,Cantabria,Desalación,2000,0
07,Castilla y León,Total,2022,268.211
07,Castilla y León,Total,2020,230.607
07,Castilla y León,Total,2018,213.609
07,Castilla y León,Total,2016,315.365
07,Castilla y León,Total,2014,340.776
07,Castilla y León,Total,2013,393.211
07,Castilla y León,Total,2012,332.531
07,Castilla y León,Total,2011,342.737
07,Castilla y León,Total,2010,326.171
07,Castilla y León,Total,2009,312.727
07,Castilla y León,Total,2008,242.010
07,Castilla y León,Total,2007,209.024
07,Castilla y León,Total,2006,246.166
07,Castilla y León,Total,2005,256.304
07,Castilla y León,Total,2004,271.036
07,Castilla y León,Total,2003,318.827
07,Castilla y León,Total,2002,271.564
07,Castilla y León,Total,2001,264.040
07,Castilla y León,Total,2000,261.795
07,Castilla y León,Aguas superficiales,2022,205.908
07,Castilla y León,Aguas superficiales,2020,194.651
07,Castilla y León,Aguas superficiales,2018,182.375
07,Castilla y León,Aguas superficiales,2016,286.281
07,Castilla y León,Aguas superficiales,2014,316.019
07,Castilla y León,Aguas superficiales,2013,370.835
07,Castilla y León,Aguas superficiales,2012,308.537
07,Castilla y León,Aguas superficiales,2011,322.115
07,Castilla y León,Aguas superficiales,2010,303.817
07,Castilla y León,Aguas superficiales,2009,278.879
07,Castilla y León,Aguas superficiales,2008,194.282
07,Castilla y León,Aguas superficiales,2007,143.973
07,Castilla y León,Aguas superficiales,2006,196.055
07,Castilla y León,Aguas superficiales,2005,193.537
07,Castilla y León,Aguas superficiales,2004,192.470
07,Castilla y León,Aguas superficiales,2003,228.765
07,Castilla y León,Aguas superficiales,2002,236.794
07,Castilla y León,Aguas superficiales,2001,231.964
07,Castilla y León,Aguas superficiales,2000,230.177
07,Castilla y León,Aguas subterráneas,2022,62.303
07,Castilla y León,Aguas subterráneas,2020,35.956
07,Castilla y León,Aguas subterráneas,2018,31.234
07,Castilla y León,Aguas subterráneas,2016,29.084
07,Castilla y León,Aguas subterráneas,2014,24.757
07,Castilla y León,Aguas subterráneas,2013,22.376
07,Castilla y León,Aguas subterráneas,2012,23.994
07,Castilla y León,Aguas subterráneas,2011,20.622
07,Castilla y León,Aguas subterráneas,2010,22.354
07,Castilla y León,Aguas subterráneas,2009,33.848
07,Castilla y León,Aguas subterráneas,2008,47.728
07,Castilla y León,Aguas subterráneas,2007,65.051
07,Castilla y León,Aguas subterráneas,2006,50.111
07,Castilla y León,Aguas subterráneas,2005,62.767
07,Castilla y León,Aguas subterráneas,2004,78.566
07,Castilla y León,Aguas subterráneas,2003,90.062
07,Castilla y León,Aguas subterráneas,2002,34.770
07,Castilla y León,Aguas subterráneas,2001,32.076
07,Castilla y León,Aguas subterráneas,2000,31.618
07,Castilla y León,Desalación,2022,0
07,Castilla y León,Desalación,2020,0
07,Castilla y León,Desalación,2018,0
07,Castilla y León,Desalación,2016,0
07,Castilla y León,Desalación,2014,0
07,Castilla y León,Desalación,2013,0
07,Castilla y León,Desalación,2012,0
07,Castilla y León,Desalación,2011,0
07,Castilla y León,Desalación,2010,0
07,Castilla y León,Desalación,2009,0
07,Castilla y León,Desalación,2008,0
07,Castilla y León,Desalación,2007,0
07,Castilla y León,Desalación,2006,0
07,Castilla y León,Desalación,2005,0
07,Castilla y León,Desalación,2004,0
07,Castilla y León,Desalación,2003,0
07,Castilla y León,Desalación,2002,0
07,Castilla y León,Desalación,2001,0
07,Castilla y León,Desalación,2000,0
08,Castilla - La Mancha,Total,2022,202.045
08,Castilla - La Mancha,Total,2020,131.445
08,Castilla - La Mancha,Total,2018,138.189
08,Castilla - La Mancha,Total,2016,102.584
08,Castilla - La Mancha,Total,2014,138.146
08,Castilla - La Mancha,Total,2013,147.903
08,Castilla - La Mancha,Total,2012,135.389
08,Castilla - La Mancha,Total,2011,147.780
08,Castilla - La Mancha,Total,2010,188.302
08,Castilla - La Mancha,Total,2009,228.535
08,Castilla - La Mancha,Total,2008,201.899
08,Castilla - La Mancha,Total,2007,202.008
08,Castilla - La Mancha,Total,2006,196.514
08,Castilla - La Mancha,Total,2005,203.566
08,Castilla - La Mancha,Total,2004,204.371
08,Castilla - La Mancha,Total,2003,210.704
08,Castilla - La Mancha,Total,2002,162.963
08,Castilla - La Mancha,Total,2001,194.800
08,Castilla - La Mancha,Total,2000,209.151
08,Castilla - La Mancha,Aguas superficiales,2022,106.383
08,Castilla - La Mancha,Aguas superficiales,2020,77.013
08,Castilla - La Mancha,Aguas superficiales,2018,68.288
08,Castilla - La Mancha,Aguas superficiales,2016,40.486
08,Castilla - La Mancha,Aguas superficiales,2014,60.636
08,Castilla - La Mancha,Aguas superficiales,2013,64.646
08,Castilla - La Mancha,Aguas superficiales,2012,67.674
08,Castilla - La Mancha,Aguas superficiales,2011,87.672
08,Castilla - La Mancha,Aguas superficiales,2010,112.459
08,Castilla - La Mancha,Aguas superficiales,2009,117.433
08,Castilla - La Mancha,Aguas superficiales,2008,115.493
08,Castilla - La Mancha,Aguas superficiales,2007,120.451
08,Castilla - La Mancha,Aguas superficiales,2006,113.307
08,Castilla - La Mancha,Aguas superficiales,2005,122.919
08,Castilla - La Mancha,Aguas superficiales,2004,111.597
08,Castilla - La Mancha,Aguas superficiales,2003,122.267
08,Castilla - La Mancha,Aguas superficiales,2002,108.212
08,Castilla - La Mancha,Aguas superficiales,2001,137.215
08,Castilla - La Mancha,Aguas superficiales,2000,160.469
08,Castilla - La Mancha,Aguas subterráneas,2022,95.661
08,Castilla - La Mancha,Aguas subterráneas,2020,54.432
08,Castilla - La Mancha,Aguas subterráneas,2018,69.901
08,Castilla - La Mancha,Aguas subterráneas,2016,62.098
08,Castilla - La Mancha,Aguas subterráneas,2014,77.510
08,Castilla - La Mancha,Aguas subterráneas,2013,83.257
08,Castilla - La Mancha,Aguas subterráneas,2012,67.715
08,Castilla - La Mancha,Aguas subterráneas,2011,60.108
08,Castilla - La Mancha,Aguas subterráneas,2010,75.843
08,Castilla - La Mancha,Aguas subterráneas,2009,111.102
08,Castilla - La Mancha,Aguas subterráneas,2008,86.406
08,Castilla - La Mancha,Aguas subterráneas,2007,81.557
08,Castilla - La Mancha,Aguas subterráneas,2006,83.207
08,Castilla - La Mancha,Aguas subterráneas,2005,80.647
08,Castilla - La Mancha,Aguas subterráneas,2004,92.774
08,Castilla - La Mancha,Aguas subterráneas,2003,88.437
08,Castilla - La Mancha,Aguas subterráneas,2002,54.751
08,Castilla - La Mancha,Aguas subterráneas,2001,57.585
08,Castilla - La Mancha,Aguas subterráneas,2000,48.682
08,Castilla - La Mancha,Desalación,2022,0
08,Castilla - La Mancha,Desalación,2020,0
08,Castilla - La Mancha,Desalación,2018,0
08,Castilla - La Mancha,Desalación,2016,0
08,Castilla - La Mancha,Desalación,2014,0
08,Castilla - La Mancha,Desalación,2013,0
08,Castilla - La Mancha,Desalación,2012,0
08,Castilla - La Mancha,Desalación,2011,0
08,Castilla - La Mancha,Desalación,2010,0
08,Castilla - La Mancha,Desalación,2009,0
08,Castilla - La Mancha,Desalación,2008,0
08,Castilla - La Mancha,Desalación,2007,0
08,Castilla - La Mancha,Desalación,2006,0
08,Castilla - La Mancha,Desalación,2005,0
08,Castilla - La Mancha,Desalación,2004,0
08,Castilla - La Mancha,Desalación,2003,0
08,Castilla - La Mancha,Desalación,2002,0
08,Castilla - La Mancha,Desalación,2001,0
08,Castilla - La Mancha,Desalación,2000,0
09,Cataluña,Total,2022,310.693
09,Cataluña,Total,2020,338.873
09,Cataluña,Total,2018,342.028
09,Cataluña,Total,2016,349.615
09,Cataluña,Total,2014,337.839
09,Cataluña,Total,2013,361.223
09,Cataluña,Total,2012,374.318
09,Cataluña,Total,2011,349.767
09,Cataluña,Total,2010,363.331
09,Cataluña,Total,2009,333.537
09,Cataluña,Total,2008,359.880
09,Cataluña,Total,2007,379.267
09,Cataluña,Total,2006,469.113
09,Cataluña,Total,2005,408.721
09,Cataluña,Total,2004,441.987
09,Cataluña,Total,2003,459.409
09,Cataluña,Total,2002,535.523
09,Cataluña,Total,2001,586.560
09,Cataluña,Total,2000,592.703
09,Cataluña,Aguas superficiales,2022,134.234
09,Cataluña,Aguas superficiales,2020,150.458
09,Cataluña,Aguas superficiales,2018,150.866
09,Cataluña,Aguas superficiales,2016,156.219
09,Cataluña,Aguas superficiales,2014,145.636
09,Cataluña,Aguas superficiales,2013,139.797
09,Cataluña,Aguas superficiales,2012,154.852
09,Cataluña,Aguas superficiales,2011,168.635
09,Cataluña,Aguas superficiales,2010,168.516
09,Cataluña,Aguas superficiales,2009,155.717
09,Cataluña,Aguas superficiales,2008,175.702
09,Cataluña,Aguas superficiales,2007,175.558
09,Cataluña,Aguas superficiales,2006,213.547
09,Cataluña,Aguas superficiales,2005,209.710
09,Cataluña,Aguas superficiales,2004,305.779
09,Cataluña,Aguas superficiales,2003,245.772
09,Cataluña,Aguas superficiales,2002,347.936
09,Cataluña,Aguas superficiales,2001,388.864
09,Cataluña,Aguas superficiales,2000,377.725
09,Cataluña,Aguas subterráneas,2022,176.459
09,Cataluña,Aguas subterráneas,2020,188.415
09,Cataluña,Aguas subterráneas,2018,191.162
09,Cataluña,Aguas subterráneas,2016,193.396
09,Cataluña,Aguas subterráneas,2014,192.203
09,Cataluña,Aguas subterráneas,2013,221.426
09,Cataluña,Aguas subterráneas,2012,219.466
09,Cataluña,Aguas subterráneas,2011,181.132
09,Cataluña,Aguas subterráneas,2010,194.815
09,Cataluña,Aguas subterráneas,2009,177.820
09,Cataluña,Aguas subterráneas,2008,184.178
09,Cataluña,Aguas subterráneas,2007,202.548
09,Cataluña,Aguas subterráneas,2006,253.653
09,Cataluña,Aguas subterráneas,2005,192.098
09,Cataluña,Aguas subterráneas,2004,136.208
09,Cataluña,Aguas subterráneas,2003,213.637
09,Cataluña,Aguas subterráneas,2002,187.587
09,Cataluña,Aguas subterráneas,2001,197.696
09,Cataluña,Aguas subterráneas,2000,214.978
09,Cataluña,Desalación,2022,0
09,Cataluña,Desalación,2020,0
09,Cataluña,Desalación,2018,0
09,Cataluña,Desalación,2016,0
09,Cataluña,Desalación,2014,0
09,Cataluña,Desalación,2013,0
09,Cataluña,Desalación,2012,0
09,Cataluña,Desalación,2011,0
09,Cataluña,Desalación,2010,0
09,Cataluña,Desalación,2009,0
09,Cataluña,Desalación,2008,0
09,Cataluña,Desalación,2007,1.161
09,Cataluña,Desalación,2006,1.913
09,Cataluña,Desalación,2005,6.913
09,Cataluña,Desalación,2004,0
09,Cataluña,Desalación,2003,0
09,Cataluña,Desalación,2002,0
09,Cataluña,Desalación,2001,0
09,Cataluña,Desalación,2000,0
10,Comunitat Valenciana,Total,2022,283.485
10,Comunitat Valenciana,Total,2020,350.462
10,Comunitat Valenciana,Total,2018,357.494
10,Comunitat Valenciana,Total,2016,429.249
10,Comunitat Valenciana,Total,2014,309.838
10,Comunitat Valenciana,Total,2013,311.943
10,Comunitat Valenciana,Total,2012,295.133
10,Comunitat Valenciana,Total,2011,291.395
10,Comunitat Valenciana,Total,2010,432.398
10,Comunitat Valenciana,Total,2009,457.767
10,Comunitat Valenciana,Total,2008,566.963
10,Comunitat Valenciana,Total,2007,511.297
10,Comunitat Valenciana,Total,2006,444.084
10,Comunitat Valenciana,Total,2005,376.879
10,Comunitat Valenciana,Total,2004,422.698
10,Comunitat Valenciana,Total,2003,488.781
10,Comunitat Valenciana,Total,2002,447.854
10,Comunitat Valenciana,Total,2001,445.714
10,Comunitat Valenciana,Total,2000,462.956
10,Comunitat Valenciana,Aguas superficiales,2022,122.200
10,Comunitat Valenciana,Aguas superficiales,2020,117.962
10,Comunitat Valenciana,Aguas superficiales,2018,105.341
10,Comunitat Valenciana,Aguas superficiales,2016,176.516
10,Comunitat Valenciana,Aguas superficiales,2014,48.342
10,Comunitat Valenciana,Aguas superficiales,2013,110.051
10,Comunitat Valenciana,Aguas superficiales,2012,76.617
10,Comunitat Valenciana,Aguas superficiales,2011,15.345
10,Comunitat Valenciana,Aguas superficiales,2010,88.598
10,Comunitat Valenciana,Aguas superficiales,2009,89.452
10,Comunitat Valenciana,Aguas superficiales,2008,102.082
10,Comunitat Valenciana,Aguas superficiales,2007,86.929
10,Comunitat Valenciana,Aguas superficiales,2006,159.566
10,Comunitat Valenciana,Aguas superficiales,2005,157.380
10,Comunitat Valenciana,Aguas superficiales,2004,135.494
10,Comunitat Valenciana,Aguas superficiales,2003,174.120
10,Comunitat Valenciana,Aguas superficiales,2002,256.982
10,Comunitat Valenciana,Aguas superficiales,2001,200.258
10,Comunitat Valenciana,Aguas superficiales,2000,200.492
10,Comunitat Valenciana,Aguas subterráneas,2022,116.198
10,Comunitat Valenciana,Aguas subterráneas,2020,221.006
10,Comunitat Valenciana,Aguas subterráneas,2018,248.997
10,Comunitat Valenciana,Aguas subterráneas,2016,247.026
10,Comunitat Valenciana,Aguas subterráneas,2014,257.471
10,Comunitat Valenciana,Aguas subterráneas,2013,199.430
10,Comunitat Valenciana,Aguas subterráneas,2012,212.993
10,Comunitat Valenciana,Aguas subterráneas,2011,275.878
10,Comunitat Valenciana,Aguas subterráneas,2010,343.725
10,Comunitat Valenciana,Aguas subterráneas,2009,368.130
10,Comunitat Valenciana,Aguas subterráneas,2008,454.705
10,Comunitat Valenciana,Aguas subterráneas,2007,410.129
10,Comunitat Valenciana,Aguas subterráneas,2006,268.277
10,Comunitat Valenciana,Aguas subterráneas,2005,200.605
10,Comunitat Valenciana,Aguas subterráneas,2004,268.077
10,Comunitat Valenciana,Aguas subterráneas,2003,292.001
10,Comunitat Valenciana,Aguas subterráneas,2002,186.471
10,Comunitat Valenciana,Aguas subterráneas,2001,244.213
10,Comunitat Valenciana,Aguas subterráneas,2000,261.772
10,Comunitat Valenciana,Desalación,2022,45.087
10,Comunitat Valenciana,Desalación,2020,11.494
10,Comunitat Valenciana,Desalación,2018,3.156
10,Comunitat Valenciana,Desalación,2016,5.707
10,Comunitat Valenciana,Desalación,2014,4.025
10,Comunitat Valenciana,Desalación,2013,2.462
10,Comunitat Valenciana,Desalación,2012,5.523
10,Comunitat Valenciana,Desalación,2011,172
10,Comunitat Valenciana,Desalación,2010,75
10,Comunitat Valenciana,Desalación,2009,185
10,Comunitat Valenciana,Desalación,2008,10.176
10,Comunitat Valenciana,Desalación,2007,14.239
10,Comunitat Valenciana,Desalación,2006,16.241
10,Comunitat Valenciana,Desalación,2005,18.894
10,Comunitat Valenciana,Desalación,2004,19.127
10,Comunitat Valenciana,Desalación,2003,22.660
10,Comunitat Valenciana,Desalación,2002,4.401
10,Comunitat Valenciana,Desalación,2001,1.243
10,Comunitat Valenciana,Desalación,2000,692
11,Extremadura,Total,2022,34.358
11,Extremadura,Total,2020,55.130
11,Extremadura,Total,2018,41.486
11,Extremadura,Total,2016,48.979
11,Extremadura,Total,2014,91.032
11,Extremadura,Total,2013,94.318
11,Extremadura,Total,2012,87.525
11,Extremadura,Total,2011,85.477
11,Extremadura,Total,2010,94.241
11,Extremadura,Total,2009,99.202
11,Extremadura,Total,2008,142.113
11,Extremadura,Total,2007,150.332
11,Extremadura,Total,2006,150.372
11,Extremadura,Total,2005,159.294
11,Extremadura,Total,2004,155.002
11,Extremadura,Total,2003,86.199
11,Extremadura,Total,2002,101.186
11,Extremadura,Total,2001,120.736
11,Extremadura,Total,2000,132.168
11,Extremadura,Aguas superficiales,2022,30.071
11,Extremadura,Aguas superficiales,2020,49.717
11,Extremadura,Aguas superficiales,2018,34.603
11,Extremadura,Aguas superficiales,2016,44.557
11,Extremadura,Aguas superficiales,2014,83.507
11,Extremadura,Aguas superficiales,2013,78.191
11,Extremadura,Aguas superficiales,2012,80.535
11,Extremadura,Aguas superficiales,2011,75.062
11,Extremadura,Aguas superficiales,2010,87.195
11,Extremadura,Aguas superficiales,2009,97.373
11,Extremadura,Aguas superficiales,2008,141.059
11,Extremadura,Aguas superficiales,2007,141.535
11,Extremadura,Aguas superficiales,2006,140.453
11,Extremadura,Aguas superficiales,2005,149.820
11,Extremadura,Aguas superficiales,2004,130.441
11,Extremadura,Aguas superficiales,2003,65.072
11,Extremadura,Aguas superficiales,2002,70.718
11,Extremadura,Aguas superficiales,2001,79.729
11,Extremadura,Aguas superficiales,2000,118.573
11,Extremadura,Aguas subterráneas,2022,4.287
11,Extremadura,Aguas subterráneas,2020,5.413
11,Extremadura,Aguas subterráneas,2018,6.883
11,Extremadura,Aguas subterráneas,2016,4.422
11,Extremadura,Aguas subterráneas,2014,7.525
11,Extremadura,Aguas subterráneas,2013,16.127
11,Extremadura,Aguas subterráneas,2012,6.990
11,Extremadura,Aguas subterráneas,2011,10.415
11,Extremadura,Aguas subterráneas,2010,7.046
11,Extremadura,Aguas subterráneas,2009,1.829
11,Extremadura,Aguas subterráneas,2008,1.054
11,Extremadura,Aguas subterráneas,2007,8.797
11,Extremadura,Aguas subterráneas,2006,9.919
11,Extremadura,Aguas subterráneas,2005,9.474
11,Extremadura,Aguas subterráneas,2004,24.561
11,Extremadura,Aguas subterráneas,2003,21.127
11,Extremadura,Aguas subterráneas,2002,30.468
11,Extremadura,Aguas subterráneas,2001,41.007
11,Extremadura,Aguas subterráneas,2000,13.595
11,Extremadura,Desalación,2022,0
11,Extremadura,Desalación,2020,0
11,Extremadura,Desalación,2018,0
11,Extremadura,Desalación,2016,0
11,Extremadura,Desalación,2014,0
11,Extremadura,Desalación,2013,0
11,Extremadura,Desalación,2012,0
11,Extremadura,Desalación,2011,0
11,Extremadura,Desalación,2010,0
11,Extremadura,Desalación,2009,0
11,Extremadura,Desalación,2008,0
11,Extremadura,Desalación,2007,0
11,Extremadura,Desalación,2006,0
11,Extremadura,Desalación,2005,0
11,Extremadura,Desalación,2004,0
11,Extremadura,Desalación,2003,0
11,Extremadura,Desalación,2002,0
11,Extremadura,Desalación,2001,0
11,Extremadura,Desalación,2000,0
12,Galicia,Total,2022,341.648
12,Galicia,Total,2020,242.372
12,Galicia,Total,2018,231.353
12,Galicia,Total,2016,257.881
12,Galicia,Total,2014,281.447
12,Galicia,Total,2013,282.643
12,Galicia,Total,2012,282.964
12,Galicia,Total,2011,259.478
12,Galicia,Total,2010,272.322
12,Galicia,Total,2009,267.991
12,Galicia,Total,2008,261.077
12,Galicia,Total,2007,255.990
12,Galicia,Total,2006,250.852
12,Galicia,Total,2005,264.953
12,Galicia,Total,2004,295.526
12,Galicia,Total,2003,307.761
12,Galicia,Total,2002,305.066
12,Galicia,Total,2001,301.919
12,Galicia,Total,2000,299.400
12,Galicia,Aguas superficiales,2022,312.286
12,Galicia,Aguas superficiales,2020,224.893
12,Galicia,Aguas superficiales,2018,213.094
12,Galicia,Aguas superficiales,2016,246.670
12,Galicia,Aguas superficiales,2014,261.276
12,Galicia,Aguas superficiales,2013,252.137
12,Galicia,Aguas superficiales,2012,258.293
12,Galicia,Aguas superficiales,2011,247.530
12,Galicia,Aguas superficiales,2010,267.145
12,Galicia,Aguas superficiales,2009,259.922
12,Galicia,Aguas superficiales,2008,249.137
12,Galicia,Aguas superficiales,2007,239.968
12,Galicia,Aguas superficiales,2006,214.073
12,Galicia,Aguas superficiales,2005,253.074
12,Galicia,Aguas superficiales,2004,264.912
12,Galicia,Aguas superficiales,2003,235.155
12,Galicia,Aguas superficiales,2002,254.819
12,Galicia,Aguas superficiales,2001,272.159
12,Galicia,Aguas superficiales,2000,264.733
12,Galicia,Aguas subterráneas,2022,29.361
12,Galicia,Aguas subterráneas,2020,17.479
12,Galicia,Aguas subterráneas,2018,18.259
12,Galicia,Aguas subterráneas,2016,11.211
12,Galicia,Aguas subterráneas,2014,20.171
12,Galicia,Aguas subterráneas,2013,30.506
12,Galicia,Aguas subterráneas,2012,24.671
12,Galicia,Aguas subterráneas,2011,11.948
12,Galicia,Aguas subterráneas,2010,5.177
12,Galicia,Aguas subterráneas,2009,8.069
12,Galicia,Aguas subterráneas,2008,11.940
12,Galicia,Aguas subterráneas,2007,16.022
12,Galicia,Aguas subterráneas,2006,36.779
12,Galicia,Aguas subterráneas,2005,11.879
12,Galicia,Aguas subterráneas,2004,30.614
12,Galicia,Aguas subterráneas,2003,72.606
12,Galicia,Aguas subterráneas,2002,50.247
12,Galicia,Aguas subterráneas,2001,29.760
12,Galicia,Aguas subterráneas,2000,34.667
12,Galicia,Desalación,2022,0
12,Galicia,Desalación,2020,0
12,Galicia,Desalación,2018,0
12,Galicia,Desalación,2016,0
12,Galicia,Desalación,2014,0
12,Galicia,Desalación,2013,0
12,Galicia,Desalación,2012,0
12,Galicia,Desalación,2011,0
12,Galicia,Desalación,2010,0
12,Galicia,Desalación,2009,0
12,Galicia,Desalación,2008,0
12,Galicia,Desalación,2007,0
12,Galicia,Desalación,2006,0
12,Galicia,Desalación,2005,0
12,Galicia,Desalación,2004,0
12,Galicia,Desalación,2003,0
12,Galicia,Desalación,2002,0
12,Galicia,Desalación,2001,0
12,Galicia,Desalación,2000,0
13,"Madrid, Comunidad de",Total,2022,496.965
13,"Madrid, Comunidad de",Total,2020,491.489
13,"Madrid, Comunidad de",Total,2018,479.871
13,"Madrid, Comunidad de",Total,2016,488.107
13,"Madrid, Comunidad de",Total,2014,497.023
13,"Madrid, Comunidad de",Total,2013,499.229
13,"Madrid, Comunidad de",Total,2012,529.064
13,"Madrid, Comunidad de",Total,2011,554.955
13,"Madrid, Comunidad de",Total,2010,538.918
13,"Madrid, Comunidad de",Total,2009,558.961
13,"Madrid, Comunidad de",Total,2008,561.008
13,"Madrid, Comunidad de",Total,2007,573.471
13,"Madrid, Comunidad de",Total,2006,636.492
13,"Madrid, Comunidad de",Total,2005,650.420
13,"Madrid, Comunidad de",Total,2004,662.176
13,"Madrid, Comunidad de",Total,2003,670.955
13,"Madrid, Comunidad de",Total,2002,621.029
13,"Madrid, Comunidad de",Total,2001,630.208
13,"Madrid, Comunidad de",Total,2000,605.600
13,"Madrid, Comunidad de",Aguas superficiales,2022,494.301
13,"Madrid, Comunidad de",Aguas superficiales,2020,488.536
13,"Madrid, Comunidad de",Aguas superficiales,2018,478.792
13,"Madrid, Comunidad de",Aguas superficiales,2016,481.503
13,"Madrid, Comunidad de",Aguas superficiales,2014,488.737
13,"Madrid, Comunidad de",Aguas superficiales,2013,483.435
13,"Madrid, Comunidad de",Aguas superficiales,2012,510.832
13,"Madrid, Comunidad de",Aguas superficiales,2011,542.987
13,"Madrid, Comunidad de",Aguas superficiales,2010,519.698
13,"Madrid, Comunidad de",Aguas superficiales,2009,553.374
13,"Madrid, Comunidad de",Aguas superficiales,2008,546.712
13,"Madrid, Comunidad de",Aguas superficiales,2007,554.568
13,"Madrid, Comunidad de",Aguas superficiales,2006,489.790
13,"Madrid, Comunidad de",Aguas superficiales,2005,583.340
13,"Madrid, Comunidad de",Aguas superficiales,2004,622.810
13,"Madrid, Comunidad de",Aguas superficiales,2003,650.312
13,"Madrid, Comunidad de",Aguas superficiales,2002,561.410
13,"Madrid, Comunidad de",Aguas superficiales,2001,622.459
13,"Madrid, Comunidad de",Aguas superficiales,2000,570.341
13,"Madrid, Comunidad de",Aguas subterráneas,2022,2.663
13,"Madrid, Comunidad de",Aguas subterráneas,2020,2.953
13,"Madrid, Comunidad de",Aguas subterráneas,2018,1.079
13,"Madrid, Comunidad de",Aguas subterráneas,2016,6.604
13,"Madrid, Comunidad de",Aguas subterráneas,2014,8.286
13,"Madrid, Comunidad de",Aguas subterráneas,2013,15.794
13,"Madrid, Comunidad de",Aguas subterráneas,2012,18.232
13,"Madrid, Comunidad de",Aguas subterráneas,2011,11.968
13,"Madrid, Comunidad de",Aguas subterráneas,2010,19.220
13,"Madrid, Comunidad de",Aguas subterráneas,2009,5.587
13,"Madrid, Comunidad de",Aguas subterráneas,2008,14.296
13,"Madrid, Comunidad de",Aguas subterráneas,2007,18.903
13,"Madrid, Comunidad de",Aguas subterráneas,2006,146.702
13,"Madrid, Comunidad de",Aguas subterráneas,2005,67.080
13,"Madrid, Comunidad de",Aguas subterráneas,2004,39.366
13,"Madrid, Comunidad de",Aguas subterráneas,2003,20.643
13,"Madrid, Comunidad de",Aguas subterráneas,2002,59.619
13,"Madrid, Comunidad de",Aguas subterráneas,2001,7.749
13,"Madrid, Comunidad de",Aguas subterráneas,2000,35.259
13,"Madrid, Comunidad de",Desalación,2022,0
13,"Madrid, Comunidad de",Desalación,2020,0
13,"Madrid, Comunidad de",Desalación,2018,0
13,"Madrid, Comunidad de",Desalación,2016,0
13,"Madrid, Comunidad de",Desalación,2014,0
13,"Madrid, Comunidad de",Desalación,2013,0
13,"Madrid, Comunidad de",Desalación,2012,0
13,"Madrid, Comunidad de",Desalación,2011,0
13,"Madrid, Comunidad de",Desalación,2010,0
13,"Madrid, Comunidad de",Desalación,2009,0
13,"Madrid, Comunidad de",Desalación,2008,0
13,"Madrid, Comunidad de",Desalación,2007,0
13,"Madrid, Comunidad de",Desalación,2006,0
13,"Madrid, Comunidad de",Desalación,2005,0
13,"Madrid, Comunidad de",Desalación,2004,0
13,"Madrid, Comunidad de",Desalación,2003,0
13,"Madrid, Comunidad de",Desalación,2002,0
13,"Madrid, Comunidad de",Desalación,2001,0
13,"Madrid, Comunidad de",Desalación,2000,0
14,"Murcia, Región de",Total,2022,16.854
14,"Murcia, Región de",Total,2020,14.123
14,"Murcia, Región de",Total,2018,15.440
14,"Murcia, Región de",Total,2016,14.608
14,"Murcia, Región de",Total,2014,12.675
14,"Murcia, Región de",Total,2013,11.979
14,"Murcia, Región de",Total,2012,10.472
14,"Murcia, Región de",Total,2011,15.532
14,"Murcia, Región de",Total,2010,17.215
14,"Murcia, Región de",Total,2009,17.512
14,"Murcia, Región de",Total,2008,31.953
14,"Murcia, Región de",Total,2007,75.874
14,"Murcia, Región de",Total,2006,35.562
14,"Murcia, Región de",Total,2005,43.133
14,"Murcia, Región de",Total,2004,52.933
14,"Murcia, Región de",Total,2003,62.867
14,"Murcia, Región de",Total,2002,64.329
14,"Murcia, Región de",Total,2001,77.316
14,"Murcia, Región de",Total,2000,43.880
14,"Murcia, Región de",Aguas superficiales,2022,8.372
14,"Murcia, Región de",Aguas superficiales,2020,6.310
14,"Murcia, Región de",Aguas superficiales,2018,7.128
14,"Murcia, Región de",Aguas superficiales,2016,7.711
14,"Murcia, Región de",Aguas superficiales,2014,4.379
14,"Murcia, Región de",Aguas superficiales,2013,3.237
14,"Murcia, Región de",Aguas superficiales,2012,3.015
14,"Murcia, Región de",Aguas superficiales,2011,12.145
14,"Murcia, Región de",Aguas superficiales,2010,14.117
14,"Murcia, Región de",Aguas superficiales,2009,11.861
14,"Murcia, Región de",Aguas superficiales,2008,26.375
14,"Murcia, Región de",Aguas superficiales,2007,69.709
14,"Murcia, Región de",Aguas superficiales,2006,27.967
14,"Murcia, Región de",Aguas superficiales,2005,33.308
14,"Murcia, Región de",Aguas superficiales,2004,39.683
14,"Murcia, Región de",Aguas superficiales,2003,45.165
14,"Murcia, Región de",Aguas superficiales,2002,50.258
14,"Murcia, Región de",Aguas superficiales,2001,56.327
14,"Murcia, Región de",Aguas superficiales,2000,30.594
14,"Murcia, Región de",Aguas subterráneas,2022,3.118
14,"Murcia, Región de",Aguas subterráneas,2020,7.813
14,"Murcia, Región de",Aguas subterráneas,2018,8.312
14,"Murcia, Región de",Aguas subterráneas,2016,6.897
14,"Murcia, Región de",Aguas subterráneas,2014,8.296
14,"Murcia, Región de",Aguas subterráneas,2013,8.742
14,"Murcia, Región de",Aguas subterráneas,2012,7.457
14,"Murcia, Región de",Aguas subterráneas,2011,3.387
14,"Murcia, Región de",Aguas subterráneas,2010,3.098
14,"Murcia, Región de",Aguas subterráneas,2009,5.651
14,"Murcia, Región de",Aguas subterráneas,2008,5.578
14,"Murcia, Región de",Aguas subterráneas,2007,6.165
14,"Murcia, Región de",Aguas subterráneas,2006,7.595
14,"Murcia, Región de",Aguas subterráneas,2005,9.825
14,"Murcia, Región de",Aguas subterráneas,2004,12.532
14,"Murcia, Región de",Aguas subterráneas,2003,16.974
14,"Murcia, Región de",Aguas subterráneas,2002,13.602
14,"Murcia, Región de",Aguas subterráneas,2001,20.240
14,"Murcia, Región de",Aguas subterráneas,2000,13.286
14,"Murcia, Región de",Desalación,2022,5.365
14,"Murcia, Región de",Desalación,2020,0
14,"Murcia, Región de",Desalación,2018,0
14,"Murcia, Región de",Desalación,2016,0
14,"Murcia, Región de",Desalación,2014,0
14,"Murcia, Región de",Desalación,2013,0
14,"Murcia, Región de",Desalación,2012,0
14,"Murcia, Región de",Desalación,2011,0
14,"Murcia, Región de",Desalación,2010,0
14,"Murcia, Región de",Desalación,2009,0
14,"Murcia, Región de",Desalación,2008,0
14,"Murcia, Región de",Desalación,2007,0
14,"Murcia, Región de",Desalación,2006,0
14,"Murcia, Región de",Desalación,2005,0
14,"Murcia, Región de",Desalación,2004,718
14,"Murcia, Región de",Desalación,2003,728
14,"Murcia, Región de",Desalación,2002,469
14,"Murcia, Región de",Desalación,2001,749
14,"Murcia, Región de",Desalación,2000,0
15,"Navarra, Comunidad Foral de",Total,2022,85.727
15,"Navarra, Comunidad Foral de",Total,2020,64.852
15,"Navarra, Comunidad Foral de",Total,2018,65.045
15,"Navarra, Comunidad Foral de",Total,2016,120.297
15,"Navarra, Comunidad Foral de",Total,2014,53.020
15,"Navarra, Comunidad Foral de",Total,2013,55.524
15,"Navarra, Comunidad Foral de",Total,2012,63.103
15,"Navarra, Comunidad Foral de",Total,2011,76.606
15,"Navarra, Comunidad Foral de",Total,2010,53.376
15,"Navarra, Comunidad Foral de",Total,2009,48.540
15,"Navarra, Comunidad Foral de",Total,2008,68.008
15,"Navarra, Comunidad Foral de",Total,2007,61.458
15,"Navarra, Comunidad Foral de",Total,2006,69.459
15,"Navarra, Comunidad Foral de",Total,2005,73.010
15,"Navarra, Comunidad Foral de",Total,2004,58.992
15,"Navarra, Comunidad Foral de",Total,2003,76.528
15,"Navarra, Comunidad Foral de",Total,2002,70.206
15,"Navarra, Comunidad Foral de",Total,2001,68.029
15,"Navarra, Comunidad Foral de",Total,2000,67.527
15,"Navarra, Comunidad Foral de",Aguas superficiales,2022,38.669
15,"Navarra, Comunidad Foral de",Aguas superficiales,2020,46.386
15,"Navarra, Comunidad Foral de",Aguas superficiales,2018,27.466
15,"Navarra, Comunidad Foral de",Aguas superficiales,2016,60.104
15,"Navarra, Comunidad Foral de",Aguas superficiales,2014,17.313
15,"Navarra, Comunidad Foral de",Aguas superficiales,2013,19.528
15,"Navarra, Comunidad Foral de",Aguas superficiales,2012,20.810
15,"Navarra, Comunidad Foral de",Aguas superficiales,2011,26.706
15,"Navarra, Comunidad Foral de",Aguas superficiales,2010,17.954
15,"Navarra, Comunidad Foral de",Aguas superficiales,2009,25.085
15,"Navarra, Comunidad Foral de",Aguas superficiales,2008,32.225
15,"Navarra, Comunidad Foral de",Aguas superficiales,2007,26.429
15,"Navarra, Comunidad Foral de",Aguas superficiales,2006,26.547
15,"Navarra, Comunidad Foral de",Aguas superficiales,2005,33.523
15,"Navarra, Comunidad Foral de",Aguas superficiales,2004,26.246
15,"Navarra, Comunidad Foral de",Aguas superficiales,2003,37.353
15,"Navarra, Comunidad Foral de",Aguas superficiales,2002,31.189
15,"Navarra, Comunidad Foral de",Aguas superficiales,2001,41.534
15,"Navarra, Comunidad Foral de",Aguas superficiales,2000,40.344
15,"Navarra, Comunidad Foral de",Aguas subterráneas,2022,47.058
15,"Navarra, Comunidad Foral de",Aguas subterráneas,2020,18.466
15,"Navarra, Comunidad Foral de",Aguas subterráneas,2018,37.579
15,"Navarra, Comunidad Foral de",Aguas subterráneas,2016,60.193
15,"Navarra, Comunidad Foral de",Aguas subterráneas,2014,35.707
15,"Navarra, Comunidad Foral de",Aguas subterráneas,2013,35.996
15,"Navarra, Comunidad Foral de",Aguas subterráneas,2012,42.293
15,"Navarra, Comunidad Foral de",Aguas subterráneas,2011,49.900
15,"Navarra, Comunidad Foral de",Aguas subterráneas,2010,35.422
15,"Navarra, Comunidad Foral de",Aguas subterráneas,2009,23.455
15,"Navarra, Comunidad Foral de",Aguas subterráneas,2008,35.783
15,"Navarra, Comunidad Foral de",Aguas subterráneas,2007,35.029
15,"Navarra, Comunidad Foral de",Aguas subterráneas,2006,42.912
15,"Navarra, Comunidad Foral de",Aguas subterráneas,2005,39.487
15,"Navarra, Comunidad Foral de",Aguas subterráneas,2004,32.746
15,"Navarra, Comunidad Foral de",Aguas subterráneas,2003,39.175
15,"Navarra, Comunidad Foral de",Aguas subterráneas,2002,39.017
15,"Navarra, Comunidad Foral de",Aguas subterráneas,2001,26.495
15,"Navarra, Comunidad Foral de",Aguas subterráneas,2000,27.183
15,"Navarra, Comunidad Foral de",Desalación,2022,0
15,"Navarra, Comunidad Foral de",Desalación,2020,0
15,"Navarra, Comunidad Foral de",Desalación,2018,0
15,"Navarra, Comunidad Foral de",Desalación,2016,0
15,"Navarra, Comunidad Foral de",Desalación,2014,0
15,"Navarra, Comunidad Foral de",Desalación,2013,0
15,"Navarra, Comunidad Foral de",Desalación,2012,0
15,"Navarra, Comunidad Foral de",Desalación,2011,0
15,"Navarra, Comunidad Foral de",Desalación,2010,0
15,"Navarra, Comunidad Foral de",Desalación,2009,0
15,"Navarra, Comunidad Foral de",Desalación,2008,0
15,"Navarra, Comunidad Foral de",Desalación,2007,0
15,"Navarra, Comunidad Foral de",Desalación,2006,0
15,"Navarra, Comunidad Foral de",Desalación,2005,0
15,"Navarra, Comunidad Foral de",Desalación,2004,0
15,"Navarra, Comunidad Foral de",Desalación,2003,0
15,"Navarra, Comunidad Foral de",Desalación,2002,0
15,"Navarra, Comunidad Foral de",Desalación,2001,0
15,"Navarra, Comunidad Foral de",Desalación,2000,0
16,País Vasco,Total,2022,275.424
16,País Vasco,Total,2020,177.383
16,País Vasco,Total,2018,182.046
16,País Vasco,Total,2016,137.745
16,País Vasco,Total,2014,210.173
16,País Vasco,Total,2013,221.247
16,País Vasco,Total,2012,172.632
16,País Vasco,Total,2011,165.198
16,País Vasco,Total,2010,187.157
16,País Vasco,Total,2009,194.880
16,País Vasco,Total,2008,223.644
16,País Vasco,Total,2007,206.858
16,País Vasco,Total,2006,218.272
16,País Vasco,Total,2005,253.835
16,País Vasco,Total,2004,285.251
16,País Vasco,Total,2003,318.494
16,País Vasco,Total,2002,310.034
16,País Vasco,Total,2001,329.469
16,País Vasco,Total,2000,244.038
16,País Vasco,Aguas superficiales,2022,273.007
16,País Vasco,Aguas superficiales,2020,166.548
16,País Vasco,Aguas superficiales,2018,179.154
16,País Vasco,Aguas superficiales,2016,133.460
16,País Vasco,Aguas superficiales,2014,206.298
16,País Vasco,Aguas superficiales,2013,205.079
16,País Vasco,Aguas superficiales,2012,162.087
16,País Vasco,Aguas superficiales,2011,154.274
16,País Vasco,Aguas superficiales,2010,179.838
16,País Vasco,Aguas superficiales,2009,188.281
16,País Vasco,Aguas superficiales,2008,217.568
16,País Vasco,Aguas superficiales,2007,200.943
16,País Vasco,Aguas superficiales,2006,212.703
16,País Vasco,Aguas superficiales,2005,233.518
16,País Vasco,Aguas superficiales,2004,278.541
16,País Vasco,Aguas superficiales,2003,282.200
16,País Vasco,Aguas superficiales,2002,255.579
16,País Vasco,Aguas superficiales,2001,260.715
16,País Vasco,Aguas superficiales,2000,242.879
16,País Vasco,Aguas subterráneas,2022,2.417
16,País Vasco,Aguas subterráneas,2020,10.835
16,País Vasco,Aguas subterráneas,2018,2.892
16,País Vasco,Aguas subterráneas,2016,4.285
16,País Vasco,Aguas subterráneas,2014,3.875
16,País Vasco,Aguas subterráneas,2013,16.168
16,País Vasco,Aguas subterráneas,2012,10.545
16,País Vasco,Aguas subterráneas,2011,10.924
16,País Vasco,Aguas subterráneas,2010,7.319
16,País Vasco,Aguas subterráneas,2009,6.599
16,País Vasco,Aguas subterráneas,2008,6.076
16,País Vasco,Aguas subterráneas,2007,5.915
16,País Vasco,Aguas subterráneas,2006,5.569
16,País Vasco,Aguas subterráneas,2005,20.317
16,País Vasco,Aguas subterráneas,2004,6.710
16,País Vasco,Aguas subterráneas,2003,17.963
16,País Vasco,Aguas subterráneas,2002,26.574
16,País Vasco,Aguas subterráneas,2001,33.083
16,País Vasco,Aguas subterráneas,2000,1.159
16,País Vasco,Desalación,2022,0
16,País Vasco,Desalación,2020,0
16,País Vasco,Desalación,2018,0
16,País Vasco,Desalación,2016,0
16,País Vasco,Desalación,2014,0
16,País Vasco,Desalación,2013,0
16,País Vasco,Desalación,2012,0
16,País Vasco,Desalación,2011,0
16,País Vasco,Desalación,2010,0
16,País Vasco,Desalación,2009,0
16,País Vasco,Desalación,2008,0
16,País Vasco,Desalación,2007,0
16,País Vasco,Desalación,2006,0
16,País Vasco,Desalación,2005,0
16,País Vasco,Desalación,2004,0
16,País Vasco,Desalación,2003,18.331
16,País Vasco,Desalación,2002,27.881
16,País Vasco,Desalación,2001,35.671
16,País Vasco,Desalación,2000,0
17,"Rioja, La",Total,2022,26.446
17,"Rioja, La",Total,2020,41.194
17,"Rioja, La",Total,2018,47.524
17,"Rioja, La",Total,2016,41.672
17,"Rioja, La",Total,2014,43.427
17,"Rioja, La",Total,2013,57.909
17,"Rioja, La",Total,2012,48.748
17,"Rioja, La",Total,2011,49.252
17,"Rioja, La",Total,2010,49.425
17,"Rioja, La",Total,2009,53.475
17,"Rioja, La",Total,2008,62.857
17,"Rioja, La",Total,2007,36.557
17,"Rioja, La",Total,2006,40.379
17,"Rioja, La",Total,2005,46.457
17,"Rioja, La",Total,2004,40.700
17,"Rioja, La",Total,2003,43.887
17,"Rioja, La",Total,2002,50.511
17,"Rioja, La",Total,2001,44.854
17,"Rioja, La",Total,2000,46.820
17,"Rioja, La",Aguas superficiales,2022,18.128
17,"Rioja, La",Aguas superficiales,2020,33.725
17,"Rioja, La",Aguas superficiales,2018,26.724
17,"Rioja, La",Aguas superficiales,2016,21.203
17,"Rioja, La",Aguas superficiales,2014,26.096
17,"Rioja, La",Aguas superficiales,2013,32.389
17,"Rioja, La",Aguas superficiales,2012,24.455
17,"Rioja, La",Aguas superficiales,2011,30.988
17,"Rioja, La",Aguas superficiales,2010,44.207
17,"Rioja, La",Aguas superficiales,2009,46.339
17,"Rioja, La",Aguas superficiales,2008,56.557
17,"Rioja, La",Aguas superficiales,2007,25.768
17,"Rioja, La",Aguas superficiales,2006,25.666
17,"Rioja, La",Aguas superficiales,2005,26.823
17,"Rioja, La",Aguas superficiales,2004,37.957
17,"Rioja, La",Aguas superficiales,2003,41.431
17,"Rioja, La",Aguas superficiales,2002,48.944
17,"Rioja, La",Aguas superficiales,2001,44.647
17,"Rioja, La",Aguas superficiales,2000,46.709
17,"Rioja, La",Aguas subterráneas,2022,8.318
17,"Rioja, La",Aguas subterráneas,2020,7.469
17,"Rioja, La",Aguas subterráneas,2018,20.800
17,"Rioja, La",Aguas subterráneas,2016,20.469
17,"Rioja, La",Aguas subterráneas,2014,17.331
17,"Rioja, La",Aguas subterráneas,2013,25.520
17,"Rioja, La",Aguas subterráneas,2012,24.293
17,"Rioja, La",Aguas subterráneas,2011,18.264
17,"Rioja, La",Aguas subterráneas,2010,5.218
17,"Rioja, La",Aguas subterráneas,2009,7.136
17,"Rioja, La",Aguas subterráneas,2008,6.300
17,"Rioja, La",Aguas subterráneas,2007,10.789
17,"Rioja, La",Aguas subterráneas,2006,14.713
17,"Rioja, La",Aguas subterráneas,2005,19.634
17,"Rioja, La",Aguas subterráneas,2004,2.743
17,"Rioja, La",Aguas subterráneas,2003,2.456
17,"Rioja, La",Aguas subterráneas,2002,1.567
17,"Rioja, La",Aguas subterráneas,2001,207
17,"Rioja, La",Aguas subterráneas,2000,111
17,"Rioja, La",Desalación,2022,0
17,"Rioja, La",Desalación,2020,0
17,"Rioja, La",Desalación,2018,0
17,"Rioja, La",Desalación,2016,0
17,"Rioja, La",Desalación,2014,0
17,"Rioja, La",Desalación,2013,0
17,"Rioja, La",Desalación,2012,0
17,"Rioja, La",Desalación,2011,0
17,"Rioja, La",Desalación,2010,0
17,"Rioja, La",Desalación,2009,0
17,"Rioja, La",Desalación,2008,0
17,"Rioja, La",Desalación,2007,0
17,"Rioja, La",Desalación,2006,0
17,"Rioja, La",Desalación,2005,0
17,"Rioja, La",Desalación,2004,0
17,"Rioja, La",Desalación,2003,0
17,"Rioja, La",Desalación,2002,0
17,"Rioja, La",Desalación,2001,0
17,"Rioja, La",Desalación,2000,0
18,Ceuta y Melilla,Total,2022,21.163
18,Ceuta y Melilla,Total,2020,16.442
18,Ceuta y Melilla,Total,2018,14.009
18,Ceuta y Melilla,Total,2016,20.673
18,Ceuta y Melilla,Total,2014,5.870
18,Ceuta y Melilla,Total,2013,5.748
18,Ceuta y Melilla,Total,2012,7.203
18,Ceuta y Melilla,Total,2011,3.374
18,Ceuta y Melilla,Total,2010,14.194
18,Ceuta y Melilla,Total,2009,14.425
18,Ceuta y Melilla,Total,2008,16.547
18,Ceuta y Melilla,Total,2007,19.807
18,Ceuta y Melilla,Total,2006,20.077
18,Ceuta y Melilla,Total,2005,12.106
18,Ceuta y Melilla,Total,2004,18.530
18,Ceuta y Melilla,Total,2003,20.947
18,Ceuta y Melilla,Total,2002,16.973
18,Ceuta y Melilla,Total,2001,17.932
18,Ceuta y Melilla,Total,2000,17.823
18,Ceuta y Melilla,Aguas superficiales,2022,423
18,Ceuta y Melilla,Aguas superficiales,2020,9.372
18,Ceuta y Melilla,Aguas superficiales,2018,6.340
18,Ceuta y Melilla,Aguas superficiales,2016,5.880
18,Ceuta y Melilla,Aguas superficiales,2014,372
18,Ceuta y Melilla,Aguas superficiales,2013,169
18,Ceuta y Melilla,Aguas superficiales,2012,169
18,Ceuta y Melilla,Aguas superficiales,2011,295
18,Ceuta y Melilla,Aguas superficiales,2010,1.772
18,Ceuta y Melilla,Aguas superficiales,2009,2.320
18,Ceuta y Melilla,Aguas superficiales,2008,2.509
18,Ceuta y Melilla,Aguas superficiales,2007,1.182
18,Ceuta y Melilla,Aguas superficiales,2006,1.321
18,Ceuta y Melilla,Aguas superficiales,2005,990
18,Ceuta y Melilla,Aguas superficiales,2004,732
18,Ceuta y Melilla,Aguas superficiales,2003,2.965
18,Ceuta y Melilla,Aguas superficiales,2002,1.543
18,Ceuta y Melilla,Aguas superficiales,2001,2.951
18,Ceuta y Melilla,Aguas superficiales,2000,1.122
18,Ceuta y Melilla,Aguas subterráneas,2022,7.212
18,Ceuta y Melilla,Aguas subterráneas,2020,0
18,Ceuta y Melilla,Aguas subterráneas,2018,973
18,Ceuta y Melilla,Aguas subterráneas,2016,973
18,Ceuta y Melilla,Aguas subterráneas,2014,5.498
18,Ceuta y Melilla,Aguas subterráneas,2013,5.579
18,Ceuta y Melilla,Aguas subterráneas,2012,7.034
18,Ceuta y Melilla,Aguas subterráneas,2011,3.079
18,Ceuta y Melilla,Aguas subterráneas,2010,5.485
18,Ceuta y Melilla,Aguas subterráneas,2009,4.923
18,Ceuta y Melilla,Aguas subterráneas,2008,6.078
18,Ceuta y Melilla,Aguas subterráneas,2007,10.655
18,Ceuta y Melilla,Aguas subterráneas,2006,10.748
18,Ceuta y Melilla,Aguas subterráneas,2005,11.116
18,Ceuta y Melilla,Aguas subterráneas,2004,10.099
18,Ceuta y Melilla,Aguas subterráneas,2003,12.326
18,Ceuta y Melilla,Aguas subterráneas,2002,10.980
18,Ceuta y Melilla,Aguas subterráneas,2001,9.934
18,Ceuta y Melilla,Aguas subterráneas,2000,11.549
18,Ceuta y Melilla,Desalación,2022,13.529
18,Ceuta y Melilla,Desalación,2020,7.070
18,Ceuta y Melilla,Desalación,2018,6.696
18,Ceuta y Melilla,Desalación,2016,13.820
18,Ceuta y Melilla,Desalación,2014,0
18,Ceuta y Melilla,Desalación,2013,0
18,Ceuta y Melilla,Desalación,2012,0
18,Ceuta y Melilla,Desalación,2011,0
18,Ceuta y Melilla,Desalación,2010,6.937
18,Ceuta y Melilla,Desalación,2009,7.182
18,Ceuta y Melilla,Desalación,2008,7.960
18,Ceuta y Melilla,Desalación,2007,7.970
18,Ceuta y Melilla,Desalación,2006,8.008
18,Ceuta y Melilla,Desalación,2005,0
18,Ceuta y Melilla,Desalación,2004,7.699
18,Ceuta y Melilla,Desalación,2003,5.656
18,Ceuta y Melilla,Desalación,2002,4.450
18,Ceuta y Melilla,Desalación,2001,5.047
18,Ceuta y Melilla,Desalación,2000,5.152
