code,region,lugar_de_destino,periodo,total
00,Total Nacional,Al mar,2022,"31,50"
00,Total Nacional,Al mar,2020,"27,50"
00,Total Nacional,Al mar,2018,"33,20"
00,Total Nacional,Al mar,2016,"33,50"
00,Total Nacional,Al mar,2014,"32,00"
00,Total Nacional,Al mar,2013,"31,50"
00,Total Nacional,Al mar,2012,..
00,Total Nacional,Al mar,2011,..
00,Total Nacional,Al mar,2010,..
00,Total Nacional,Al mar,2009,..
00,Total Nacional,Al mar,2008,..
00,Total Nacional,Al mar,2007,..
00,Total Nacional,Al mar,2006,..
00,Total Nacional,Al mar,2005,..
00,Total Nacional,Al mar,2004,..
00,Total Nacional,Al mar,2003,..
00,Total Nacional,Al mar,2002,..
00,Total Nacional,Al mar,2001,..
00,Total Nacional,Al mar,2000,..
00,Total Nacional,A un cauce fluvial,2022,"53,40"
00,Total Nacional,A un cauce fluvial,2020,"61,20"
00,Total Nacional,A un cauce fluvial,2018,"55,40"
00,Total Nacional,A un cauce fluvial,2016,"55,80"
00,Total Nacional,A un cauce fluvial,2014,"57,00"
00,Total Nacional,A un cauce fluvial,2013,"57,00"
00,Total Nacional,A un cauce fluvial,2012,..
00,Total Nacional,A un cauce fluvial,2011,..
00,Total Nacional,A un cauce fluvial,2010,..
00,Total Nacional,A un cauce fluvial,2009,..
00,Total Nacional,A un cauce fluvial,2008,..
00,Total Nacional,A un cauce fluvial,2007,..
00,Total Nacional,A un cauce fluvial,2006,..
00,Total Nacional,A un cauce fluvial,2005,..
00,Total Nacional,A un cauce fluvial,2004,..
00,Total Nacional,A un cauce fluvial,2003,..
00,Total Nacional,A un cauce fluvial,2002,..
00,Total Nacional,A un cauce fluvial,2001,..
00,Total Nacional,A un cauce fluvial,2000,..
00,Total Nacional,Agua reutilizada,2022,"11,70"
00,Total Nacional,Agua reutilizada,2020,"10,90"
00,Total Nacional,Agua reutilizada,2018,"11,20"
00,Total Nacional,Agua reutilizada,2016,"10,40"
00,Total Nacional,Agua reutilizada,2014,"10,70"
00,Total Nacional,Agua reutilizada,2013,"10,60"
00,Total Nacional,Agua reutilizada,2012,..
00,Total Nacional,Agua reutilizada,2011,..
00,Total Nacional,Agua reutilizada,2010,..
00,Total Nacional,Agua reutilizada,2009,..
00,Total Nacional,Agua reutilizada,2008,..
00,Total Nacional,Agua reutilizada,2007,..
00,Total Nacional,Agua reutilizada,2006,..
00,Total Nacional,Agua reutilizada,2005,..
00,Total Nacional,Agua reutilizada,2004,..
00,Total Nacional,Agua reutilizada,2003,..
00,Total Nacional,Agua reutilizada,2002,..
00,Total Nacional,Agua reutilizada,2001,..
00,Total Nacional,Agua reutilizada,2000,..
00,Total Nacional,Infiltraciones al terreno,2022,"1,00"
00,Total Nacional,Infiltraciones al terreno,2020,"0,30"
00,Total Nacional,Infiltraciones al terreno,2018,"0,20"
00,Total Nacional,Infiltraciones al terreno,2016,"0,20"
00,Total Nacional,Infiltraciones al terreno,2014,"0,20"
00,Total Nacional,Infiltraciones al terreno,2013,"0,40"
00,Total Nacional,Infiltraciones al terreno,2012,..
00,Total Nacional,Infiltraciones al terreno,2011,..
00,Total Nacional,Infiltraciones al terreno,2010,..
00,Total Nacional,Infiltraciones al terreno,2009,..
00,Total Nacional,Infiltraciones al terreno,2008,..
00,Total Nacional,Infiltraciones al terreno,2007,..
00,Total Nacional,Infiltraciones al terreno,2006,..
00,Total Nacional,Infiltraciones al terreno,2005,..
00,Total Nacional,Infiltraciones al terreno,2004,..
00,Total Nacional,Infiltraciones al terreno,2003,..
00,Total Nacional,Infiltraciones al terreno,2002,..
00,Total Nacional,Infiltraciones al terreno,2001,..
00,Total Nacional,Infiltraciones al terreno,2000,..
00,Total Nacional,Otros,2022,"2,50"
00,Total Nacional,Otros,2020,"0,10"
00,Total Nacional,Otros,2018,"0,00"
00,Total Nacional,Otros,2016,"0,10"
00,Total Nacional,Otros,2014,"0,10"
00,Total Nacional,Otros,2013,"0,50"
00,Total Nacional,Otros,2012,..
00,Total Nacional,Otros,2011,..
00,Total Nacional,Otros,2010,..
00,Total Nacional,Otros,2009,..
00,Total Nacional,Otros,2008,..
00,Total Nacional,Otros,2007,..
00,Total Nacional,Otros,2006,..
00,Total Nacional,Otros,2005,..
00,Total Nacional,Otros,2004,..
00,Total Nacional,Otros,2003,..
00,Total Nacional,Otros,2002,..
00,Total Nacional,Otros,2001,..
00,Total Nacional,Otros,2000,..
01,Andalucía,Al mar,2022,"40,34"
01,Andalucía,Al mar,2020,"35,40"
01,Andalucía,Al mar,2018,"35,00"
01,Andalucía,Al mar,2016,"36,10"
01,Andalucía,Al mar,2014,"35,70"
01,Andalucía,Al mar,2013,"35,30"
01,Andalucía,Al mar,2012,..
01,Andalucía,Al mar,2011,..
01,Andalucía,Al mar,2010,..
01,Andalucía,Al mar,2009,..
01,Andalucía,Al mar,2008,..
01,Andalucía,Al mar,2007,..
01,Andalucía,Al mar,2006,..
01,Andalucía,Al mar,2005,..
01,Andalucía,Al mar,2004,..
01,Andalucía,Al mar,2003,..
01,Andalucía,Al mar,2002,..
01,Andalucía,Al mar,2001,..
01,Andalucía,Al mar,2000,..
01,Andalucía,A un cauce fluvial,2022,"54,14"
01,Andalucía,A un cauce fluvial,2020,"59,40"
01,Andalucía,A un cauce fluvial,2018,"60,20"
01,Andalucía,A un cauce fluvial,2016,"58,00"
01,Andalucía,A un cauce fluvial,2014,"56,50"
01,Andalucía,A un cauce fluvial,2013,"54,00"
01,Andalucía,A un cauce fluvial,2012,..
01,Andalucía,A un cauce fluvial,2011,..
01,Andalucía,A un cauce fluvial,2010,..
01,Andalucía,A un cauce fluvial,2009,..
01,Andalucía,A un cauce fluvial,2008,..
01,Andalucía,A un cauce fluvial,2007,..
01,Andalucía,A un cauce fluvial,2006,..
01,Andalucía,A un cauce fluvial,2005,..
01,Andalucía,A un cauce fluvial,2004,..
01,Andalucía,A un cauce fluvial,2003,..
01,Andalucía,A un cauce fluvial,2002,..
01,Andalucía,A un cauce fluvial,2001,..
01,Andalucía,A un cauce fluvial,2000,..
01,Andalucía,Agua reutilizada,2022,"5,45"
01,Andalucía,Agua reutilizada,2020,"5,20"
01,Andalucía,Agua reutilizada,2018,"4,80"
01,Andalucía,Agua reutilizada,2016,"5,90"
01,Andalucía,Agua reutilizada,2014,"7,80"
01,Andalucía,Agua reutilizada,2013,"8,30"
01,Andalucía,Agua reutilizada,2012,..
01,Andalucía,Agua reutilizada,2011,..
01,Andalucía,Agua reutilizada,2010,..
01,Andalucía,Agua reutilizada,2009,..
01,Andalucía,Agua reutilizada,2008,..
01,Andalucía,Agua reutilizada,2007,..
01,Andalucía,Agua reutilizada,2006,..
01,Andalucía,Agua reutilizada,2005,..
01,Andalucía,Agua reutilizada,2004,..
01,Andalucía,Agua reutilizada,2003,..
01,Andalucía,Agua reutilizada,2002,..
01,Andalucía,Agua reutilizada,2001,..
01,Andalucía,Agua reutilizada,2000,..
01,Andalucía,Infiltraciones al terreno,2022,"0,00"
01,Andalucía,Infiltraciones al terreno,2020,"0,00"
01,Andalucía,Infiltraciones al terreno,2018,"0,00"
01,Andalucía,Infiltraciones al terreno,2016,"0,00"
01,Andalucía,Infiltraciones al terreno,2014,"0,00"
01,Andalucía,Infiltraciones al terreno,2013,"0,00"
01,Andalucía,Infiltraciones al terreno,2012,..
01,Andalucía,Infiltraciones al terreno,2011,..
01,Andalucía,Infiltraciones al terreno,2010,..
01,Andalucía,Infiltraciones al terreno,2009,..
01,Andalucía,Infiltraciones al terreno,2008,..
01,Andalucía,Infiltraciones al terreno,2007,..
01,Andalucía,Infiltraciones al terreno,2006,..
01,Andalucía,Infiltraciones al terreno,2005,..
01,Andalucía,Infiltraciones al terreno,2004,..
01,Andalucía,Infiltraciones al terreno,2003,..
01,Andalucía,Infiltraciones al terreno,2002,..
01,Andalucía,Infiltraciones al terreno,2001,..
01,Andalucía,Infiltraciones al terreno,2000,..
01,Andalucía,Otros,2022,"0,00"
01,Andalucía,Otros,2020,"0,00"
01,Andalucía,Otros,2018,"0,00"
01,Andalucía,Otros,2016,"0,00"
01,Andalucía,Otros,2014,"0,00"
01,Andalucía,Otros,2013,"2,40"
01,Andalucía,Otros,2012,..
01,Andalucía,Otros,2011,..
01,Andalucía,Otros,2010,..
01,Andalucía,Otros,2009,..
01,Andalucía,Otros,2008,..
01,Andalucía,Otros,2007,..
01,Andalucía,Otros,2006,..
01,Andalucía,Otros,2005,..
01,Andalucía,Otros,2004,..
01,Andalucía,Otros,2003,..
01,Andalucía,Otros,2002,..
01,Andalucía,Otros,2001,..
01,Andalucía,Otros,2000,..
02,Aragón,Al mar,2022,"0,00"
02,Aragón,Al mar,2020,"0,00"
02,Aragón,Al mar,2018,"0,00"
02,Aragón,Al mar,2016,"0,00"
02,Aragón,Al mar,2014,"0,00"
02,Aragón,Al mar,2013,"0,00"
02,Aragón,Al mar,2012,..
02,Aragón,Al mar,2011,..
02,Aragón,Al mar,2010,..
02,Aragón,Al mar,2009,..
02,Aragón,Al mar,2008,..
02,Aragón,Al mar,2007,..
02,Aragón,Al mar,2006,..
02,Aragón,Al mar,2005,..
02,Aragón,Al mar,2004,..
02,Aragón,Al mar,2003,..
02,Aragón,Al mar,2002,..
02,Aragón,Al mar,2001,..
02,Aragón,Al mar,2000,..
02,Aragón,A un cauce fluvial,2022,"99,69"
02,Aragón,A un cauce fluvial,2020,"98,10"
02,Aragón,A un cauce fluvial,2018,"92,20"
02,Aragón,A un cauce fluvial,2016,"99,20"
02,Aragón,A un cauce fluvial,2014,"98,80"
02,Aragón,A un cauce fluvial,2013,"99,00"
02,Aragón,A un cauce fluvial,2012,..
02,Aragón,A un cauce fluvial,2011,..
02,Aragón,A un cauce fluvial,2010,..
02,Aragón,A un cauce fluvial,2009,..
02,Aragón,A un cauce fluvial,2008,..
02,Aragón,A un cauce fluvial,2007,..
02,Aragón,A un cauce fluvial,2006,..
02,Aragón,A un cauce fluvial,2005,..
02,Aragón,A un cauce fluvial,2004,..
02,Aragón,A un cauce fluvial,2003,..
02,Aragón,A un cauce fluvial,2002,..
02,Aragón,A un cauce fluvial,2001,..
02,Aragón,A un cauce fluvial,2000,..
02,Aragón,Agua reutilizada,2022,"0,31"
02,Aragón,Agua reutilizada,2020,"1,90"
02,Aragón,Agua reutilizada,2018,"7,80"
02,Aragón,Agua reutilizada,2016,"0,80"
02,Aragón,Agua reutilizada,2014,"0,80"
02,Aragón,Agua reutilizada,2013,"0,80"
02,Aragón,Agua reutilizada,2012,..
02,Aragón,Agua reutilizada,2011,..
02,Aragón,Agua reutilizada,2010,..
02,Aragón,Agua reutilizada,2009,..
02,Aragón,Agua reutilizada,2008,..
02,Aragón,Agua reutilizada,2007,..
02,Aragón,Agua reutilizada,2006,..
02,Aragón,Agua reutilizada,2005,..
02,Aragón,Agua reutilizada,2004,..
02,Aragón,Agua reutilizada,2003,..
02,Aragón,Agua reutilizada,2002,..
02,Aragón,Agua reutilizada,2001,..
02,Aragón,Agua reutilizada,2000,..
02,Aragón,Infiltraciones al terreno,2022,"0,00"
02,Aragón,Infiltraciones al terreno,2020,"0,00"
02,Aragón,Infiltraciones al terreno,2018,"0,00"
02,Aragón,Infiltraciones al terreno,2016,"0,00"
02,Aragón,Infiltraciones al terreno,2014,"0,00"
02,Aragón,Infiltraciones al terreno,2013,"0,00"
02,Aragón,Infiltraciones al terreno,2012,..
02,Aragón,Infiltraciones al terreno,2011,..
02,Aragón,Infiltraciones al terreno,2010,..
02,Aragón,Infiltraciones al terreno,2009,..
02,Aragón,Infiltraciones al terreno,2008,..
02,Aragón,Infiltraciones al terreno,2007,..
02,Aragón,Infiltraciones al terreno,2006,..
02,Aragón,Infiltraciones al terreno,2005,..
02,Aragón,Infiltraciones al terreno,2004,..
02,Aragón,Infiltraciones al terreno,2003,..
02,Aragón,Infiltraciones al terreno,2002,..
02,Aragón,Infiltraciones al terreno,2001,..
02,Aragón,Infiltraciones al terreno,2000,..
02,Aragón,Otros,2022,"0,00"
02,Aragón,Otros,2020,"0,00"
02,Aragón,Otros,2018,"0,00"
02,Aragón,Otros,2016,"0,00"
02,Aragón,Otros,2014,"0,40"
02,Aragón,Otros,2013,"0,20"
02,Aragón,Otros,2012,..
02,Aragón,Otros,2011,..
02,Aragón,Otros,2010,..
02,Aragón,Otros,2009,..
02,Aragón,Otros,2008,..
02,Aragón,Otros,2007,..
02,Aragón,Otros,2006,..
02,Aragón,Otros,2005,..
02,Aragón,Otros,2004,..
02,Aragón,Otros,2003,..
02,Aragón,Otros,2002,..
02,Aragón,Otros,2001,..
02,Aragón,Otros,2000,..
03,"Asturias, Principado de",Al mar,2022,"77,30"
03,"Asturias, Principado de",Al mar,2020,"42,00"
03,"Asturias, Principado de",Al mar,2018,"22,80"
03,"Asturias, Principado de",Al mar,2016,"21,70"
03,"Asturias, Principado de",Al mar,2014,"25,00"
03,"Asturias, Principado de",Al mar,2013,"36,20"
03,"Asturias, Principado de",Al mar,2012,..
03,"Asturias, Principado de",Al mar,2011,..
03,"Asturias, Principado de",Al mar,2010,..
03,"Asturias, Principado de",Al mar,2009,..
03,"Asturias, Principado de",Al mar,2008,..
03,"Asturias, Principado de",Al mar,2007,..
03,"Asturias, Principado de",Al mar,2006,..
03,"Asturias, Principado de",Al mar,2005,..
03,"Asturias, Principado de",Al mar,2004,..
03,"Asturias, Principado de",Al mar,2003,..
03,"Asturias, Principado de",Al mar,2002,..
03,"Asturias, Principado de",Al mar,2001,..
03,"Asturias, Principado de",Al mar,2000,..
03,"Asturias, Principado de",A un cauce fluvial,2022,"22,66"
03,"Asturias, Principado de",A un cauce fluvial,2020,"52,10"
03,"Asturias, Principado de",A un cauce fluvial,2018,"70,50"
03,"Asturias, Principado de",A un cauce fluvial,2016,"74,50"
03,"Asturias, Principado de",A un cauce fluvial,2014,"68,00"
03,"Asturias, Principado de",A un cauce fluvial,2013,"63,80"
03,"Asturias, Principado de",A un cauce fluvial,2012,..
03,"Asturias, Principado de",A un cauce fluvial,2011,..
03,"Asturias, Principado de",A un cauce fluvial,2010,..
03,"Asturias, Principado de",A un cauce fluvial,2009,..
03,"Asturias, Principado de",A un cauce fluvial,2008,..
03,"Asturias, Principado de",A un cauce fluvial,2007,..
03,"Asturias, Principado de",A un cauce fluvial,2006,..
03,"Asturias, Principado de",A un cauce fluvial,2005,..
03,"Asturias, Principado de",A un cauce fluvial,2004,..
03,"Asturias, Principado de",A un cauce fluvial,2003,..
03,"Asturias, Principado de",A un cauce fluvial,2002,..
03,"Asturias, Principado de",A un cauce fluvial,2001,..
03,"Asturias, Principado de",A un cauce fluvial,2000,..
03,"Asturias, Principado de",Agua reutilizada,2022,"0,06"
03,"Asturias, Principado de",Agua reutilizada,2020,"5,90"
03,"Asturias, Principado de",Agua reutilizada,2018,"6,70"
03,"Asturias, Principado de",Agua reutilizada,2016,"3,80"
03,"Asturias, Principado de",Agua reutilizada,2014,"6,90"
03,"Asturias, Principado de",Agua reutilizada,2013,"0,00"
03,"Asturias, Principado de",Agua reutilizada,2012,..
03,"Asturias, Principado de",Agua reutilizada,2011,..
03,"Asturias, Principado de",Agua reutilizada,2010,..
03,"Asturias, Principado de",Agua reutilizada,2009,..
03,"Asturias, Principado de",Agua reutilizada,2008,..
03,"Asturias, Principado de",Agua reutilizada,2007,..
03,"Asturias, Principado de",Agua reutilizada,2006,..
03,"Asturias, Principado de",Agua reutilizada,2005,..
03,"Asturias, Principado de",Agua reutilizada,2004,..
03,"Asturias, Principado de",Agua reutilizada,2003,..
03,"Asturias, Principado de",Agua reutilizada,2002,..
03,"Asturias, Principado de",Agua reutilizada,2001,..
03,"Asturias, Principado de",Agua reutilizada,2000,..
03,"Asturias, Principado de",Infiltraciones al terreno,2022,"0,00"
03,"Asturias, Principado de",Infiltraciones al terreno,2020,"0,00"
03,"Asturias, Principado de",Infiltraciones al terreno,2018,"0,00"
03,"Asturias, Principado de",Infiltraciones al terreno,2016,"0,00"
03,"Asturias, Principado de",Infiltraciones al terreno,2014,"0,00"
03,"Asturias, Principado de",Infiltraciones al terreno,2013,"0,00"
03,"Asturias, Principado de",Infiltraciones al terreno,2012,..
03,"Asturias, Principado de",Infiltraciones al terreno,2011,..
03,"Asturias, Principado de",Infiltraciones al terreno,2010,..
03,"Asturias, Principado de",Infiltraciones al terreno,2009,..
03,"Asturias, Principado de",Infiltraciones al terreno,2008,..
03,"Asturias, Principado de",Infiltraciones al terreno,2007,..
03,"Asturias, Principado de",Infiltraciones al terreno,2006,..
03,"Asturias, Principado de",Infiltraciones al terreno,2005,..
03,"Asturias, Principado de",Infiltraciones al terreno,2004,..
03,"Asturias, Principado de",Infiltraciones al terreno,2003,..
03,"Asturias, Principado de",Infiltraciones al terreno,2002,..
03,"Asturias, Principado de",Infiltraciones al terreno,2001,..
03,"Asturias, Principado de",Infiltraciones al terreno,2000,..
03,"Asturias, Principado de",Otros,2022,"0,00"
03,"Asturias, Principado de",Otros,2020,"0,00"
03,"Asturias, Principado de",Otros,2018,"0,00"
03,"Asturias, Principado de",Otros,2016,"0,00"
03,"Asturias, Principado de",Otros,2014,"0,10"
03,"Asturias, Principado de",Otros,2013,"0,00"
03,"Asturias, Principado de",Otros,2012,..
03,"Asturias, Principado de",Otros,2011,..
03,"Asturias, Principado de",Otros,2010,..
03,"Asturias, Principado de",Otros,2009,..
03,"Asturias, Principado de",Otros,2008,..
03,"Asturias, Principado de",Otros,2007,..
03,"Asturias, Principado de",Otros,2006,..
03,"Asturias, Principado de",Otros,2005,..
03,"Asturias, Principado de",Otros,2004,..
03,"Asturias, Principado de",Otros,2003,..
03,"Asturias, Principado de",Otros,2002,..
03,"Asturias, Principado de",Otros,2001,..
03,"Asturias, Principado de",Otros,2000,..
04,"Balears, Illes",Al mar,2022,"69,30"
04,"Balears, Illes",Al mar,2020,"37,20"
04,"Balears, Illes",Al mar,2018,"61,80"
04,"Balears, Illes",Al mar,2016,"59,60"
04,"Balears, Illes",Al mar,2014,"40,80"
04,"Balears, Illes",Al mar,2013,"39,70"
04,"Balears, Illes",Al mar,2012,..
04,"Balears, Illes",Al mar,2011,..
04,"Balears, Illes",Al mar,2010,..
04,"Balears, Illes",Al mar,2009,..
04,"Balears, Illes",Al mar,2008,..
04,"Balears, Illes",Al mar,2007,..
04,"Balears, Illes",Al mar,2006,..
04,"Balears, Illes",Al mar,2005,..
04,"Balears, Illes",Al mar,2004,..
04,"Balears, Illes",Al mar,2003,..
04,"Balears, Illes",Al mar,2002,..
04,"Balears, Illes",Al mar,2001,..
04,"Balears, Illes",Al mar,2000,..
04,"Balears, Illes",A un cauce fluvial,2022,"12,10"
04,"Balears, Illes",A un cauce fluvial,2020,"14,00"
04,"Balears, Illes",A un cauce fluvial,2018,"4,20"
04,"Balears, Illes",A un cauce fluvial,2016,"7,30"
04,"Balears, Illes",A un cauce fluvial,2014,"10,20"
04,"Balears, Illes",A un cauce fluvial,2013,"8,10"
04,"Balears, Illes",A un cauce fluvial,2012,..
04,"Balears, Illes",A un cauce fluvial,2011,..
04,"Balears, Illes",A un cauce fluvial,2010,..
04,"Balears, Illes",A un cauce fluvial,2009,..
04,"Balears, Illes",A un cauce fluvial,2008,..
04,"Balears, Illes",A un cauce fluvial,2007,..
04,"Balears, Illes",A un cauce fluvial,2006,..
04,"Balears, Illes",A un cauce fluvial,2005,..
04,"Balears, Illes",A un cauce fluvial,2004,..
04,"Balears, Illes",A un cauce fluvial,2003,..
04,"Balears, Illes",A un cauce fluvial,2002,..
04,"Balears, Illes",A un cauce fluvial,2001,..
04,"Balears, Illes",A un cauce fluvial,2000,..
04,"Balears, Illes",Agua reutilizada,2022,"18,58"
04,"Balears, Illes",Agua reutilizada,2020,"45,40"
04,"Balears, Illes",Agua reutilizada,2018,"34,00"
04,"Balears, Illes",Agua reutilizada,2016,"33,00"
04,"Balears, Illes",Agua reutilizada,2014,"45,50"
04,"Balears, Illes",Agua reutilizada,2013,"48,20"
04,"Balears, Illes",Agua reutilizada,2012,..
04,"Balears, Illes",Agua reutilizada,2011,..
04,"Balears, Illes",Agua reutilizada,2010,..
04,"Balears, Illes",Agua reutilizada,2009,..
04,"Balears, Illes",Agua reutilizada,2008,..
04,"Balears, Illes",Agua reutilizada,2007,..
04,"Balears, Illes",Agua reutilizada,2006,..
04,"Balears, Illes",Agua reutilizada,2005,..
04,"Balears, Illes",Agua reutilizada,2004,..
04,"Balears, Illes",Agua reutilizada,2003,..
04,"Balears, Illes",Agua reutilizada,2002,..
04,"Balears, Illes",Agua reutilizada,2001,..
04,"Balears, Illes",Agua reutilizada,2000,..
04,"Balears, Illes",Infiltraciones al terreno,2022,"0,02"
04,"Balears, Illes",Infiltraciones al terreno,2020,"3,40"
04,"Balears, Illes",Infiltraciones al terreno,2018,"0,00"
04,"Balears, Illes",Infiltraciones al terreno,2016,"0,00"
04,"Balears, Illes",Infiltraciones al terreno,2014,"3,20"
04,"Balears, Illes",Infiltraciones al terreno,2013,"3,60"
04,"Balears, Illes",Infiltraciones al terreno,2012,..
04,"Balears, Illes",Infiltraciones al terreno,2011,..
04,"Balears, Illes",Infiltraciones al terreno,2010,..
04,"Balears, Illes",Infiltraciones al terreno,2009,..
04,"Balears, Illes",Infiltraciones al terreno,2008,..
04,"Balears, Illes",Infiltraciones al terreno,2007,..
04,"Balears, Illes",Infiltraciones al terreno,2006,..
04,"Balears, Illes",Infiltraciones al terreno,2005,..
04,"Balears, Illes",Infiltraciones al terreno,2004,..
04,"Balears, Illes",Infiltraciones al terreno,2003,..
04,"Balears, Illes",Infiltraciones al terreno,2002,..
04,"Balears, Illes",Infiltraciones al terreno,2001,..
04,"Balears, Illes",Infiltraciones al terreno,2000,..
04,"Balears, Illes",Otros,2022,"0,00"
04,"Balears, Illes",Otros,2020,"0,00"
04,"Balears, Illes",Otros,2018,"0,00"
04,"Balears, Illes",Otros,2016,"0,10"
04,"Balears, Illes",Otros,2014,"0,30"
04,"Balears, Illes",Otros,2013,"0,40"
04,"Balears, Illes",Otros,2012,..
04,"Balears, Illes",Otros,2011,..
04,"Balears, Illes",Otros,2010,..
04,"Balears, Illes",Otros,2009,..
04,"Balears, Illes",Otros,2008,..
04,"Balears, Illes",Otros,2007,..
04,"Balears, Illes",Otros,2006,..
04,"Balears, Illes",Otros,2005,..
04,"Balears, Illes",Otros,2004,..
04,"Balears, Illes",Otros,2003,..
04,"Balears, Illes",Otros,2002,..
04,"Balears, Illes",Otros,2001,..
04,"Balears, Illes",Otros,2000,..
05,Canarias,Al mar,2022,"70,12"
05,Canarias,Al mar,2020,"75,40"
05,Canarias,Al mar,2018,"71,60"
05,Canarias,Al mar,2016,"72,70"
05,Canarias,Al mar,2014,"79,30"
05,Canarias,Al mar,2013,"78,40"
05,Canarias,Al mar,2012,..
05,Canarias,Al mar,2011,..
05,Canarias,Al mar,2010,..
05,Canarias,Al mar,2009,..
05,Canarias,Al mar,2008,..
05,Canarias,Al mar,2007,..
05,Canarias,Al mar,2006,..
05,Canarias,Al mar,2005,..
05,Canarias,Al mar,2004,..
05,Canarias,Al mar,2003,..
05,Canarias,Al mar,2002,..
05,Canarias,Al mar,2001,..
05,Canarias,Al mar,2000,..
05,Canarias,A un cauce fluvial,2022,"1,53"
05,Canarias,A un cauce fluvial,2020,"0,90"
05,Canarias,A un cauce fluvial,2018,"6,50"
05,Canarias,A un cauce fluvial,2016,"7,30"
05,Canarias,A un cauce fluvial,2014,"0,60"
05,Canarias,A un cauce fluvial,2013,"0,50"
05,Canarias,A un cauce fluvial,2012,..
05,Canarias,A un cauce fluvial,2011,..
05,Canarias,A un cauce fluvial,2010,..
05,Canarias,A un cauce fluvial,2009,..
05,Canarias,A un cauce fluvial,2008,..
05,Canarias,A un cauce fluvial,2007,..
05,Canarias,A un cauce fluvial,2006,..
05,Canarias,A un cauce fluvial,2005,..
05,Canarias,A un cauce fluvial,2004,..
05,Canarias,A un cauce fluvial,2003,..
05,Canarias,A un cauce fluvial,2002,..
05,Canarias,A un cauce fluvial,2001,..
05,Canarias,A un cauce fluvial,2000,..
05,Canarias,Agua reutilizada,2022,"28,03"
05,Canarias,Agua reutilizada,2020,"23,70"
05,Canarias,Agua reutilizada,2018,"21,80"
05,Canarias,Agua reutilizada,2016,"19,90"
05,Canarias,Agua reutilizada,2014,"19,90"
05,Canarias,Agua reutilizada,2013,"21,10"
05,Canarias,Agua reutilizada,2012,..
05,Canarias,Agua reutilizada,2011,..
05,Canarias,Agua reutilizada,2010,..
05,Canarias,Agua reutilizada,2009,..
05,Canarias,Agua reutilizada,2008,..
05,Canarias,Agua reutilizada,2007,..
05,Canarias,Agua reutilizada,2006,..
05,Canarias,Agua reutilizada,2005,..
05,Canarias,Agua reutilizada,2004,..
05,Canarias,Agua reutilizada,2003,..
05,Canarias,Agua reutilizada,2002,..
05,Canarias,Agua reutilizada,2001,..
05,Canarias,Agua reutilizada,2000,..
05,Canarias,Infiltraciones al terreno,2022,"0,20"
05,Canarias,Infiltraciones al terreno,2020,"0,00"
05,Canarias,Infiltraciones al terreno,2018,"0,00"
05,Canarias,Infiltraciones al terreno,2016,"0,00"
05,Canarias,Infiltraciones al terreno,2014,"0,20"
05,Canarias,Infiltraciones al terreno,2013,"0,00"
05,Canarias,Infiltraciones al terreno,2012,..
05,Canarias,Infiltraciones al terreno,2011,..
05,Canarias,Infiltraciones al terreno,2010,..
05,Canarias,Infiltraciones al terreno,2009,..
05,Canarias,Infiltraciones al terreno,2008,..
05,Canarias,Infiltraciones al terreno,2007,..
05,Canarias,Infiltraciones al terreno,2006,..
05,Canarias,Infiltraciones al terreno,2005,..
05,Canarias,Infiltraciones al terreno,2004,..
05,Canarias,Infiltraciones al terreno,2003,..
05,Canarias,Infiltraciones al terreno,2002,..
05,Canarias,Infiltraciones al terreno,2001,..
05,Canarias,Infiltraciones al terreno,2000,..
05,Canarias,Otros,2022,"0,20"
05,Canarias,Otros,2020,"0,00"
05,Canarias,Otros,2018,"0,10"
05,Canarias,Otros,2016,"0,10"
05,Canarias,Otros,2014,"0,00"
05,Canarias,Otros,2013,"0,00"
05,Canarias,Otros,2012,..
05,Canarias,Otros,2011,..
05,Canarias,Otros,2010,..
05,Canarias,Otros,2009,..
05,Canarias,Otros,2008,..
05,Canarias,Otros,2007,..
05,Canarias,Otros,2006,..
05,Canarias,Otros,2005,..
05,Canarias,Otros,2004,..
05,Canarias,Otros,2003,..
05,Canarias,Otros,2002,..
05,Canarias,Otros,2001,..
05,Canarias,Otros,2000,..
06,Cantabria,Al mar,2022,"88,00"
06,Cantabria,Al mar,2020,"81,20"
06,Cantabria,Al mar,2018,"75,70"
06,Cantabria,Al mar,2016,"79,50"
06,Cantabria,Al mar,2014,"80,20"
06,Cantabria,Al mar,2013,"81,60"
06,Cantabria,Al mar,2012,..
06,Cantabria,Al mar,2011,..
06,Cantabria,Al mar,2010,..
06,Cantabria,Al mar,2009,..
06,Cantabria,Al mar,2008,..
06,Cantabria,Al mar,2007,..
06,Cantabria,Al mar,2006,..
06,Cantabria,Al mar,2005,..
06,Cantabria,Al mar,2004,..
06,Cantabria,Al mar,2003,..
06,Cantabria,Al mar,2002,..
06,Cantabria,Al mar,2001,..
06,Cantabria,Al mar,2000,..
06,Cantabria,A un cauce fluvial,2022,"12,00"
06,Cantabria,A un cauce fluvial,2020,"17,10"
06,Cantabria,A un cauce fluvial,2018,"23,20"
06,Cantabria,A un cauce fluvial,2016,"18,80"
06,Cantabria,A un cauce fluvial,2014,"17,80"
06,Cantabria,A un cauce fluvial,2013,"16,40"
06,Cantabria,A un cauce fluvial,2012,..
06,Cantabria,A un cauce fluvial,2011,..
06,Cantabria,A un cauce fluvial,2010,..
06,Cantabria,A un cauce fluvial,2009,..
06,Cantabria,A un cauce fluvial,2008,..
06,Cantabria,A un cauce fluvial,2007,..
06,Cantabria,A un cauce fluvial,2006,..
06,Cantabria,A un cauce fluvial,2005,..
06,Cantabria,A un cauce fluvial,2004,..
06,Cantabria,A un cauce fluvial,2003,..
06,Cantabria,A un cauce fluvial,2002,..
06,Cantabria,A un cauce fluvial,2001,..
06,Cantabria,A un cauce fluvial,2000,..
06,Cantabria,Agua reutilizada,2022,"0,00"
06,Cantabria,Agua reutilizada,2020,"1,70"
06,Cantabria,Agua reutilizada,2018,"1,10"
06,Cantabria,Agua reutilizada,2016,"1,70"
06,Cantabria,Agua reutilizada,2014,"2,00"
06,Cantabria,Agua reutilizada,2013,"2,00"
06,Cantabria,Agua reutilizada,2012,..
06,Cantabria,Agua reutilizada,2011,..
06,Cantabria,Agua reutilizada,2010,..
06,Cantabria,Agua reutilizada,2009,..
06,Cantabria,Agua reutilizada,2008,..
06,Cantabria,Agua reutilizada,2007,..
06,Cantabria,Agua reutilizada,2006,..
06,Cantabria,Agua reutilizada,2005,..
06,Cantabria,Agua reutilizada,2004,..
06,Cantabria,Agua reutilizada,2003,..
06,Cantabria,Agua reutilizada,2002,..
06,Cantabria,Agua reutilizada,2001,..
06,Cantabria,Agua reutilizada,2000,..
06,Cantabria,Infiltraciones al terreno,2022,"0,00"
06,Cantabria,Infiltraciones al terreno,2020,"0,00"
06,Cantabria,Infiltraciones al terreno,2018,"0,00"
06,Cantabria,Infiltraciones al terreno,2016,"0,00"
06,Cantabria,Infiltraciones al terreno,2014,"0,00"
06,Cantabria,Infiltraciones al terreno,2013,"0,00"
06,Cantabria,Infiltraciones al terreno,2012,..
06,Cantabria,Infiltraciones al terreno,2011,..
06,Cantabria,Infiltraciones al terreno,2010,..
06,Cantabria,Infiltraciones al terreno,2009,..
06,Cantabria,Infiltraciones al terreno,2008,..
06,Cantabria,Infiltraciones al terreno,2007,..
06,Cantabria,Infiltraciones al terreno,2006,..
06,Cantabria,Infiltraciones al terreno,2005,..
06,Cantabria,Infiltraciones al terreno,2004,..
06,Cantabria,Infiltraciones al terreno,2003,..
06,Cantabria,Infiltraciones al terreno,2002,..
06,Cantabria,Infiltraciones al terreno,2001,..
06,Cantabria,Infiltraciones al terreno,2000,..
06,Cantabria,Otros,2022,"0,00"
06,Cantabria,Otros,2020,"0,00"
06,Cantabria,Otros,2018,"0,00"
06,Cantabria,Otros,2016,"0,00"
06,Cantabria,Otros,2014,"0,00"
06,Cantabria,Otros,2013,"0,00"
06,Cantabria,Otros,2012,..
06,Cantabria,Otros,2011,..
06,Cantabria,Otros,2010,..
06,Cantabria,Otros,2009,..
06,Cantabria,Otros,2008,..
06,Cantabria,Otros,2007,..
06,Cantabria,Otros,2006,..
06,Cantabria,Otros,2005,..
06,Cantabria,Otros,2004,..
06,Cantabria,Otros,2003,..
06,Cantabria,Otros,2002,..
06,Cantabria,Otros,2001,..
06,Cantabria,Otros,2000,..
07,Castilla y León,Al mar,2022,"0,00"
07,Castilla y León,Al mar,2020,"0,00"
07,Castilla y León,Al mar,2018,"0,00"
07,Castilla y León,Al mar,2016,"0,00"
07,Castilla y León,Al mar,2014,"0,00"
07,Castilla y León,Al mar,2013,"0,00"
07,Castilla y León,Al mar,2012,..
07,Castilla y León,Al mar,2011,..
07,Castilla y León,Al mar,2010,..
07,Castilla y León,Al mar,2009,..
07,Castilla y León,Al mar,2008,..
07,Castilla y León,Al mar,2007,..
07,Castilla y León,Al mar,2006,..
07,Castilla y León,Al mar,2005,..
07,Castilla y León,Al mar,2004,..
07,Castilla y León,Al mar,2003,..
07,Castilla y León,Al mar,2002,..
07,Castilla y León,Al mar,2001,..
07,Castilla y León,Al mar,2000,..
07,Castilla y León,A un cauce fluvial,2022,"94,90"
07,Castilla y León,A un cauce fluvial,2020,"99,00"
07,Castilla y León,A un cauce fluvial,2018,"98,00"
07,Castilla y León,A un cauce fluvial,2016,"99,10"
07,Castilla y León,A un cauce fluvial,2014,"99,00"
07,Castilla y León,A un cauce fluvial,2013,"98,70"
07,Castilla y León,A un cauce fluvial,2012,..
07,Castilla y León,A un cauce fluvial,2011,..
07,Castilla y León,A un cauce fluvial,2010,..
07,Castilla y León,A un cauce fluvial,2009,..
07,Castilla y León,A un cauce fluvial,2008,..
07,Castilla y León,A un cauce fluvial,2007,..
07,Castilla y León,A un cauce fluvial,2006,..
07,Castilla y León,A un cauce fluvial,2005,..
07,Castilla y León,A un cauce fluvial,2004,..
07,Castilla y León,A un cauce fluvial,2003,..
07,Castilla y León,A un cauce fluvial,2002,..
07,Castilla y León,A un cauce fluvial,2001,..
07,Castilla y León,A un cauce fluvial,2000,..
07,Castilla y León,Agua reutilizada,2022,"1,10"
07,Castilla y León,Agua reutilizada,2020,"1,00"
07,Castilla y León,Agua reutilizada,2018,"2,00"
07,Castilla y León,Agua reutilizada,2016,"0,90"
07,Castilla y León,Agua reutilizada,2014,"1,00"
07,Castilla y León,Agua reutilizada,2013,"1,30"
07,Castilla y León,Agua reutilizada,2012,..
07,Castilla y León,Agua reutilizada,2011,..
07,Castilla y León,Agua reutilizada,2010,..
07,Castilla y León,Agua reutilizada,2009,..
07,Castilla y León,Agua reutilizada,2008,..
07,Castilla y León,Agua reutilizada,2007,..
07,Castilla y León,Agua reutilizada,2006,..
07,Castilla y León,Agua reutilizada,2005,..
07,Castilla y León,Agua reutilizada,2004,..
07,Castilla y León,Agua reutilizada,2003,..
07,Castilla y León,Agua reutilizada,2002,..
07,Castilla y León,Agua reutilizada,2001,..
07,Castilla y León,Agua reutilizada,2000,..
07,Castilla y León,Infiltraciones al terreno,2022,"0,00"
07,Castilla y León,Infiltraciones al terreno,2020,"0,00"
07,Castilla y León,Infiltraciones al terreno,2018,"0,00"
07,Castilla y León,Infiltraciones al terreno,2016,"0,00"
07,Castilla y León,Infiltraciones al terreno,2014,"0,00"
07,Castilla y León,Infiltraciones al terreno,2013,"0,00"
07,Castilla y León,Infiltraciones al terreno,2012,..
07,Castilla y León,Infiltraciones al terreno,2011,..
07,Castilla y León,Infiltraciones al terreno,2010,..
07,Castilla y León,Infiltraciones al terreno,2009,..
07,Castilla y León,Infiltraciones al terreno,2008,..
07,Castilla y León,Infiltraciones al terreno,2007,..
07,Castilla y León,Infiltraciones al terreno,2006,..
07,Castilla y León,Infiltraciones al terreno,2005,..
07,Castilla y León,Infiltraciones al terreno,2004,..
07,Castilla y León,Infiltraciones al terreno,2003,..
07,Castilla y León,Infiltraciones al terreno,2002,..
07,Castilla y León,Infiltraciones al terreno,2001,..
07,Castilla y León,Infiltraciones al terreno,2000,..
07,Castilla y León,Otros,2022,"4,00"
07,Castilla y León,Otros,2020,"0,00"
07,Castilla y León,Otros,2018,"0,00"
07,Castilla y León,Otros,2016,"0,00"
07,Castilla y León,Otros,2014,"0,00"
07,Castilla y León,Otros,2013,"0,00"
07,Castilla y León,Otros,2012,..
07,Castilla y León,Otros,2011,..
07,Castilla y León,Otros,2010,..
07,Castilla y León,Otros,2009,..
07,Castilla y León,Otros,2008,..
07,Castilla y León,Otros,2007,..
07,Castilla y León,Otros,2006,..
07,Castilla y León,Otros,2005,..
07,Castilla y León,Otros,2004,..
07,Castilla y León,Otros,2003,..
07,Castilla y León,Otros,2002,..
07,Castilla y León,Otros,2001,..
07,Castilla y León,Otros,2000,..
08,Castilla - La Mancha,Al mar,2022,"0,00"
08,Castilla - La Mancha,Al mar,2020,"0,00"
08,Castilla - La Mancha,Al mar,2018,"0,00"
08,Castilla - La Mancha,Al mar,2016,"0,00"
08,Castilla - La Mancha,Al mar,2014,"0,00"
08,Castilla - La Mancha,Al mar,2013,"0,00"
08,Castilla - La Mancha,Al mar,2012,..
08,Castilla - La Mancha,Al mar,2011,..
08,Castilla - La Mancha,Al mar,2010,..
08,Castilla - La Mancha,Al mar,2009,..
08,Castilla - La Mancha,Al mar,2008,..
08,Castilla - La Mancha,Al mar,2007,..
08,Castilla - La Mancha,Al mar,2006,..
08,Castilla - La Mancha,Al mar,2005,..
08,Castilla - La Mancha,Al mar,2004,..
08,Castilla - La Mancha,Al mar,2003,..
08,Castilla - La Mancha,Al mar,2002,..
08,Castilla - La Mancha,Al mar,2001,..
08,Castilla - La Mancha,Al mar,2000,..
08,Castilla - La Mancha,A un cauce fluvial,2022,"71,87"
08,Castilla - La Mancha,A un cauce fluvial,2020,"96,80"
08,Castilla - La Mancha,A un cauce fluvial,2018,"98,00"
08,Castilla - La Mancha,A un cauce fluvial,2016,"96,20"
08,Castilla - La Mancha,A un cauce fluvial,2014,"96,70"
08,Castilla - La Mancha,A un cauce fluvial,2013,"93,20"
08,Castilla - La Mancha,A un cauce fluvial,2012,..
08,Castilla - La Mancha,A un cauce fluvial,2011,..
08,Castilla - La Mancha,A un cauce fluvial,2010,..
08,Castilla - La Mancha,A un cauce fluvial,2009,..
08,Castilla - La Mancha,A un cauce fluvial,2008,..
08,Castilla - La Mancha,A un cauce fluvial,2007,..
08,Castilla - La Mancha,A un cauce fluvial,2006,..
08,Castilla - La Mancha,A un cauce fluvial,2005,..
08,Castilla - La Mancha,A un cauce fluvial,2004,..
08,Castilla - La Mancha,A un cauce fluvial,2003,..
08,Castilla - La Mancha,A un cauce fluvial,2002,..
08,Castilla - La Mancha,A un cauce fluvial,2001,..
08,Castilla - La Mancha,A un cauce fluvial,2000,..
08,Castilla - La Mancha,Agua reutilizada,2022,"0,40"
08,Castilla - La Mancha,Agua reutilizada,2020,"2,80"
08,Castilla - La Mancha,Agua reutilizada,2018,"1,90"
08,Castilla - La Mancha,Agua reutilizada,2016,"3,80"
08,Castilla - La Mancha,Agua reutilizada,2014,"2,90"
08,Castilla - La Mancha,Agua reutilizada,2013,"3,50"
08,Castilla - La Mancha,Agua reutilizada,2012,..
08,Castilla - La Mancha,Agua reutilizada,2011,..
08,Castilla - La Mancha,Agua reutilizada,2010,..
08,Castilla - La Mancha,Agua reutilizada,2009,..
08,Castilla - La Mancha,Agua reutilizada,2008,..
08,Castilla - La Mancha,Agua reutilizada,2007,..
08,Castilla - La Mancha,Agua reutilizada,2006,..
08,Castilla - La Mancha,Agua reutilizada,2005,..
08,Castilla - La Mancha,Agua reutilizada,2004,..
08,Castilla - La Mancha,Agua reutilizada,2003,..
08,Castilla - La Mancha,Agua reutilizada,2002,..
08,Castilla - La Mancha,Agua reutilizada,2001,..
08,Castilla - La Mancha,Agua reutilizada,2000,..
08,Castilla - La Mancha,Infiltraciones al terreno,2022,"13,90"
08,Castilla - La Mancha,Infiltraciones al terreno,2020,"0,40"
08,Castilla - La Mancha,Infiltraciones al terreno,2018,"0,10"
08,Castilla - La Mancha,Infiltraciones al terreno,2016,"0,00"
08,Castilla - La Mancha,Infiltraciones al terreno,2014,"0,40"
08,Castilla - La Mancha,Infiltraciones al terreno,2013,"0,00"
08,Castilla - La Mancha,Infiltraciones al terreno,2012,..
08,Castilla - La Mancha,Infiltraciones al terreno,2011,..
08,Castilla - La Mancha,Infiltraciones al terreno,2010,..
08,Castilla - La Mancha,Infiltraciones al terreno,2009,..
08,Castilla - La Mancha,Infiltraciones al terreno,2008,..
08,Castilla - La Mancha,Infiltraciones al terreno,2007,..
08,Castilla - La Mancha,Infiltraciones al terreno,2006,..
08,Castilla - La Mancha,Infiltraciones al terreno,2005,..
08,Castilla - La Mancha,Infiltraciones al terreno,2004,..
08,Castilla - La Mancha,Infiltraciones al terreno,2003,..
08,Castilla - La Mancha,Infiltraciones al terreno,2002,..
08,Castilla - La Mancha,Infiltraciones al terreno,2001,..
08,Castilla - La Mancha,Infiltraciones al terreno,2000,..
08,Castilla - La Mancha,Otros,2022,"13,90"
08,Castilla - La Mancha,Otros,2020,"0,00"
08,Castilla - La Mancha,Otros,2018,"0,00"
08,Castilla - La Mancha,Otros,2016,"0,00"
08,Castilla - La Mancha,Otros,2014,"0,00"
08,Castilla - La Mancha,Otros,2013,"3,30"
08,Castilla - La Mancha,Otros,2012,..
08,Castilla - La Mancha,Otros,2011,..
08,Castilla - La Mancha,Otros,2010,..
08,Castilla - La Mancha,Otros,2009,..
08,Castilla - La Mancha,Otros,2008,..
08,Castilla - La Mancha,Otros,2007,..
08,Castilla - La Mancha,Otros,2006,..
08,Castilla - La Mancha,Otros,2005,..
08,Castilla - La Mancha,Otros,2004,..
08,Castilla - La Mancha,Otros,2003,..
08,Castilla - La Mancha,Otros,2002,..
08,Castilla - La Mancha,Otros,2001,..
08,Castilla - La Mancha,Otros,2000,..
09,Cataluña,Al mar,2022,"43,51"
09,Cataluña,Al mar,2020,"45,50"
09,Cataluña,Al mar,2018,"72,20"
09,Cataluña,Al mar,2016,"66,30"
09,Cataluña,Al mar,2014,"56,10"
09,Cataluña,Al mar,2013,"54,90"
09,Cataluña,Al mar,2012,..
09,Cataluña,Al mar,2011,..
09,Cataluña,Al mar,2010,..
09,Cataluña,Al mar,2009,..
09,Cataluña,Al mar,2008,..
09,Cataluña,Al mar,2007,..
09,Cataluña,Al mar,2006,..
09,Cataluña,Al mar,2005,..
09,Cataluña,Al mar,2004,..
09,Cataluña,Al mar,2003,..
09,Cataluña,Al mar,2002,..
09,Cataluña,Al mar,2001,..
09,Cataluña,Al mar,2000,..
09,Cataluña,A un cauce fluvial,2022,"43,82"
09,Cataluña,A un cauce fluvial,2020,"49,10"
09,Cataluña,A un cauce fluvial,2018,"23,20"
09,Cataluña,A un cauce fluvial,2016,"28,70"
09,Cataluña,A un cauce fluvial,2014,"39,80"
09,Cataluña,A un cauce fluvial,2013,"40,30"
09,Cataluña,A un cauce fluvial,2012,..
09,Cataluña,A un cauce fluvial,2011,..
09,Cataluña,A un cauce fluvial,2010,..
09,Cataluña,A un cauce fluvial,2009,..
09,Cataluña,A un cauce fluvial,2008,..
09,Cataluña,A un cauce fluvial,2007,..
09,Cataluña,A un cauce fluvial,2006,..
09,Cataluña,A un cauce fluvial,2005,..
09,Cataluña,A un cauce fluvial,2004,..
09,Cataluña,A un cauce fluvial,2003,..
09,Cataluña,A un cauce fluvial,2002,..
09,Cataluña,A un cauce fluvial,2001,..
09,Cataluña,A un cauce fluvial,2000,..
09,Cataluña,Agua reutilizada,2022,"12,54"
09,Cataluña,Agua reutilizada,2020,"5,40"
09,Cataluña,Agua reutilizada,2018,"4,50"
09,Cataluña,Agua reutilizada,2016,"4,90"
09,Cataluña,Agua reutilizada,2014,"4,00"
09,Cataluña,Agua reutilizada,2013,"4,70"
09,Cataluña,Agua reutilizada,2012,..
09,Cataluña,Agua reutilizada,2011,..
09,Cataluña,Agua reutilizada,2010,..
09,Cataluña,Agua reutilizada,2009,..
09,Cataluña,Agua reutilizada,2008,..
09,Cataluña,Agua reutilizada,2007,..
09,Cataluña,Agua reutilizada,2006,..
09,Cataluña,Agua reutilizada,2005,..
09,Cataluña,Agua reutilizada,2004,..
09,Cataluña,Agua reutilizada,2003,..
09,Cataluña,Agua reutilizada,2002,..
09,Cataluña,Agua reutilizada,2001,..
09,Cataluña,Agua reutilizada,2000,..
09,Cataluña,Infiltraciones al terreno,2022,"0,06"
09,Cataluña,Infiltraciones al terreno,2020,"0,00"
09,Cataluña,Infiltraciones al terreno,2018,"0,10"
09,Cataluña,Infiltraciones al terreno,2016,"0,10"
09,Cataluña,Infiltraciones al terreno,2014,"0,10"
09,Cataluña,Infiltraciones al terreno,2013,"0,10"
09,Cataluña,Infiltraciones al terreno,2012,..
09,Cataluña,Infiltraciones al terreno,2011,..
09,Cataluña,Infiltraciones al terreno,2010,..
09,Cataluña,Infiltraciones al terreno,2009,..
09,Cataluña,Infiltraciones al terreno,2008,..
09,Cataluña,Infiltraciones al terreno,2007,..
09,Cataluña,Infiltraciones al terreno,2006,..
09,Cataluña,Infiltraciones al terreno,2005,..
09,Cataluña,Infiltraciones al terreno,2004,..
09,Cataluña,Infiltraciones al terreno,2003,..
09,Cataluña,Infiltraciones al terreno,2002,..
09,Cataluña,Infiltraciones al terreno,2001,..
09,Cataluña,Infiltraciones al terreno,2000,..
09,Cataluña,Otros,2022,"0,06"
09,Cataluña,Otros,2020,"0,00"
09,Cataluña,Otros,2018,"0,00"
09,Cataluña,Otros,2016,"0,00"
09,Cataluña,Otros,2014,"0,00"
09,Cataluña,Otros,2013,"0,00"
09,Cataluña,Otros,2012,..
09,Cataluña,Otros,2011,..
09,Cataluña,Otros,2010,..
09,Cataluña,Otros,2009,..
09,Cataluña,Otros,2008,..
09,Cataluña,Otros,2007,..
09,Cataluña,Otros,2006,..
09,Cataluña,Otros,2005,..
09,Cataluña,Otros,2004,..
09,Cataluña,Otros,2003,..
09,Cataluña,Otros,2002,..
09,Cataluña,Otros,2001,..
09,Cataluña,Otros,2000,..
10,Comunitat Valenciana,Al mar,2022,"25,62"
10,Comunitat Valenciana,Al mar,2020,"24,40"
10,Comunitat Valenciana,Al mar,2018,"23,00"
10,Comunitat Valenciana,Al mar,2016,"16,50"
10,Comunitat Valenciana,Al mar,2014,"21,90"
10,Comunitat Valenciana,Al mar,2013,"26,10"
10,Comunitat Valenciana,Al mar,2012,..
10,Comunitat Valenciana,Al mar,2011,..
10,Comunitat Valenciana,Al mar,2010,..
10,Comunitat Valenciana,Al mar,2009,..
10,Comunitat Valenciana,Al mar,2008,..
10,Comunitat Valenciana,Al mar,2007,..
10,Comunitat Valenciana,Al mar,2006,..
10,Comunitat Valenciana,Al mar,2005,..
10,Comunitat Valenciana,Al mar,2004,..
10,Comunitat Valenciana,Al mar,2003,..
10,Comunitat Valenciana,Al mar,2002,..
10,Comunitat Valenciana,Al mar,2001,..
10,Comunitat Valenciana,Al mar,2000,..
10,Comunitat Valenciana,A un cauce fluvial,2022,"25,58"
10,Comunitat Valenciana,A un cauce fluvial,2020,"33,10"
10,Comunitat Valenciana,A un cauce fluvial,2018,"32,50"
10,Comunitat Valenciana,A un cauce fluvial,2016,"33,60"
10,Comunitat Valenciana,A un cauce fluvial,2014,"17,40"
10,Comunitat Valenciana,A un cauce fluvial,2013,"17,00"
10,Comunitat Valenciana,A un cauce fluvial,2012,..
10,Comunitat Valenciana,A un cauce fluvial,2011,..
10,Comunitat Valenciana,A un cauce fluvial,2010,..
10,Comunitat Valenciana,A un cauce fluvial,2009,..
10,Comunitat Valenciana,A un cauce fluvial,2008,..
10,Comunitat Valenciana,A un cauce fluvial,2007,..
10,Comunitat Valenciana,A un cauce fluvial,2006,..
10,Comunitat Valenciana,A un cauce fluvial,2005,..
10,Comunitat Valenciana,A un cauce fluvial,2004,..
10,Comunitat Valenciana,A un cauce fluvial,2003,..
10,Comunitat Valenciana,A un cauce fluvial,2002,..
10,Comunitat Valenciana,A un cauce fluvial,2001,..
10,Comunitat Valenciana,A un cauce fluvial,2000,..
10,Comunitat Valenciana,Agua reutilizada,2022,"34,93"
10,Comunitat Valenciana,Agua reutilizada,2020,"42,50"
10,Comunitat Valenciana,Agua reutilizada,2018,"42,70"
10,Comunitat Valenciana,Agua reutilizada,2016,"47,50"
10,Comunitat Valenciana,Agua reutilizada,2014,"59,40"
10,Comunitat Valenciana,Agua reutilizada,2013,"54,80"
10,Comunitat Valenciana,Agua reutilizada,2012,..
10,Comunitat Valenciana,Agua reutilizada,2011,..
10,Comunitat Valenciana,Agua reutilizada,2010,..
10,Comunitat Valenciana,Agua reutilizada,2009,..
10,Comunitat Valenciana,Agua reutilizada,2008,..
10,Comunitat Valenciana,Agua reutilizada,2007,..
10,Comunitat Valenciana,Agua reutilizada,2006,..
10,Comunitat Valenciana,Agua reutilizada,2005,..
10,Comunitat Valenciana,Agua reutilizada,2004,..
10,Comunitat Valenciana,Agua reutilizada,2003,..
10,Comunitat Valenciana,Agua reutilizada,2002,..
10,Comunitat Valenciana,Agua reutilizada,2001,..
10,Comunitat Valenciana,Agua reutilizada,2000,..
10,Comunitat Valenciana,Infiltraciones al terreno,2022,"6,94"
10,Comunitat Valenciana,Infiltraciones al terreno,2020,"0,00"
10,Comunitat Valenciana,Infiltraciones al terreno,2018,"1,80"
10,Comunitat Valenciana,Infiltraciones al terreno,2016,"2,40"
10,Comunitat Valenciana,Infiltraciones al terreno,2014,"1,30"
10,Comunitat Valenciana,Infiltraciones al terreno,2013,"2,10"
10,Comunitat Valenciana,Infiltraciones al terreno,2012,..
10,Comunitat Valenciana,Infiltraciones al terreno,2011,..
10,Comunitat Valenciana,Infiltraciones al terreno,2010,..
10,Comunitat Valenciana,Infiltraciones al terreno,2009,..
10,Comunitat Valenciana,Infiltraciones al terreno,2008,..
10,Comunitat Valenciana,Infiltraciones al terreno,2007,..
10,Comunitat Valenciana,Infiltraciones al terreno,2006,..
10,Comunitat Valenciana,Infiltraciones al terreno,2005,..
10,Comunitat Valenciana,Infiltraciones al terreno,2004,..
10,Comunitat Valenciana,Infiltraciones al terreno,2003,..
10,Comunitat Valenciana,Infiltraciones al terreno,2002,..
10,Comunitat Valenciana,Infiltraciones al terreno,2001,..
10,Comunitat Valenciana,Infiltraciones al terreno,2000,..
10,Comunitat Valenciana,Otros,2022,"6,94"
10,Comunitat Valenciana,Otros,2020,"0,00"
10,Comunitat Valenciana,Otros,2018,"0,00"
10,Comunitat Valenciana,Otros,2016,"0,00"
10,Comunitat Valenciana,Otros,2014,"0,00"
10,Comunitat Valenciana,Otros,2013,"0,00"
10,Comunitat Valenciana,Otros,2012,..
10,Comunitat Valenciana,Otros,2011,..
10,Comunitat Valenciana,Otros,2010,..
10,Comunitat Valenciana,Otros,2009,..
10,Comunitat Valenciana,Otros,2008,..
10,Comunitat Valenciana,Otros,2007,..
10,Comunitat Valenciana,Otros,2006,..
10,Comunitat Valenciana,Otros,2005,..
10,Comunitat Valenciana,Otros,2004,..
10,Comunitat Valenciana,Otros,2003,..
10,Comunitat Valenciana,Otros,2002,..
10,Comunitat Valenciana,Otros,2001,..
10,Comunitat Valenciana,Otros,2000,..
11,Extremadura,Al mar,2022,"0,00"
11,Extremadura,Al mar,2020,"0,00"
11,Extremadura,Al mar,2018,"0,00"
11,Extremadura,Al mar,2016,"0,00"
11,Extremadura,Al mar,2014,"0,00"
11,Extremadura,Al mar,2013,"0,00"
11,Extremadura,Al mar,2012,..
11,Extremadura,Al mar,2011,..
11,Extremadura,Al mar,2010,..
11,Extremadura,Al mar,2009,..
11,Extremadura,Al mar,2008,..
11,Extremadura,Al mar,2007,..
11,Extremadura,Al mar,2006,..
11,Extremadura,Al mar,2005,..
11,Extremadura,Al mar,2004,..
11,Extremadura,Al mar,2003,..
11,Extremadura,Al mar,2002,..
11,Extremadura,Al mar,2001,..
11,Extremadura,Al mar,2000,..
11,Extremadura,A un cauce fluvial,2022,"100,00"
11,Extremadura,A un cauce fluvial,2020,"100,00"
11,Extremadura,A un cauce fluvial,2018,"100,00"
11,Extremadura,A un cauce fluvial,2016,"100,00"
11,Extremadura,A un cauce fluvial,2014,"100,00"
11,Extremadura,A un cauce fluvial,2013,"100,00"
11,Extremadura,A un cauce fluvial,2012,..
11,Extremadura,A un cauce fluvial,2011,..
11,Extremadura,A un cauce fluvial,2010,..
11,Extremadura,A un cauce fluvial,2009,..
11,Extremadura,A un cauce fluvial,2008,..
11,Extremadura,A un cauce fluvial,2007,..
11,Extremadura,A un cauce fluvial,2006,..
11,Extremadura,A un cauce fluvial,2005,..
11,Extremadura,A un cauce fluvial,2004,..
11,Extremadura,A un cauce fluvial,2003,..
11,Extremadura,A un cauce fluvial,2002,..
11,Extremadura,A un cauce fluvial,2001,..
11,Extremadura,A un cauce fluvial,2000,..
11,Extremadura,Agua reutilizada,2022,"0,00"
11,Extremadura,Agua reutilizada,2020,"0,00"
11,Extremadura,Agua reutilizada,2018,"0,00"
11,Extremadura,Agua reutilizada,2016,"0,00"
11,Extremadura,Agua reutilizada,2014,"0,00"
11,Extremadura,Agua reutilizada,2013,"0,00"
11,Extremadura,Agua reutilizada,2012,..
11,Extremadura,Agua reutilizada,2011,..
11,Extremadura,Agua reutilizada,2010,..
11,Extremadura,Agua reutilizada,2009,..
11,Extremadura,Agua reutilizada,2008,..
11,Extremadura,Agua reutilizada,2007,..
11,Extremadura,Agua reutilizada,2006,..
11,Extremadura,Agua reutilizada,2005,..
11,Extremadura,Agua reutilizada,2004,..
11,Extremadura,Agua reutilizada,2003,..
11,Extremadura,Agua reutilizada,2002,..
11,Extremadura,Agua reutilizada,2001,..
11,Extremadura,Agua reutilizada,2000,..
11,Extremadura,Infiltraciones al terreno,2022,"0,00"
11,Extremadura,Infiltraciones al terreno,2020,"0,00"
11,Extremadura,Infiltraciones al terreno,2018,"0,00"
11,Extremadura,Infiltraciones al terreno,2016,"0,00"
11,Extremadura,Infiltraciones al terreno,2014,"0,00"
11,Extremadura,Infiltraciones al terreno,2013,"0,00"
11,Extremadura,Infiltraciones al terreno,2012,..
11,Extremadura,Infiltraciones al terreno,2011,..
11,Extremadura,Infiltraciones al terreno,2010,..
11,Extremadura,Infiltraciones al terreno,2009,..
11,Extremadura,Infiltraciones al terreno,2008,..
11,Extremadura,Infiltraciones al terreno,2007,..
11,Extremadura,Infiltraciones al terreno,2006,..
11,Extremadura,Infiltraciones al terreno,2005,..
11,Extremadura,Infiltraciones al terreno,2004,..
11,Extremadura,Infiltraciones al terreno,2003,..
11,Extremadura,Infiltraciones al terreno,2002,..
11,Extremadura,Infiltraciones al terreno,2001,..
11,Extremadura,Infiltraciones al terreno,2000,..
11,Extremadura,Otros,2022,"0,00"
11,Extremadura,Otros,2020,"0,00"
11,Extremadura,Otros,2018,"0,00"
11,Extremadura,Otros,2016,"0,00"
11,Extremadura,Otros,2014,"0,00"
11,Extremadura,Otros,2013,"0,00"
11,Extremadura,Otros,2012,..
11,Extremadura,Otros,2011,..
11,Extremadura,Otros,2010,..
11,Extremadura,Otros,2009,..
11,Extremadura,Otros,2008,..
11,Extremadura,Otros,2007,..
11,Extremadura,Otros,2006,..
11,Extremadura,Otros,2005,..
11,Extremadura,Otros,2004,..
11,Extremadura,Otros,2003,..
11,Extremadura,Otros,2002,..
11,Extremadura,Otros,2001,..
11,Extremadura,Otros,2000,..
12,Galicia,Al mar,2022,"37,89"
12,Galicia,Al mar,2020,"29,90"
12,Galicia,Al mar,2018,"22,30"
12,Galicia,Al mar,2016,"30,50"
12,Galicia,Al mar,2014,"45,50"
12,Galicia,Al mar,2013,"42,70"
12,Galicia,Al mar,2012,..
12,Galicia,Al mar,2011,..
12,Galicia,Al mar,2010,..
12,Galicia,Al mar,2009,..
12,Galicia,Al mar,2008,..
12,Galicia,Al mar,2007,..
12,Galicia,Al mar,2006,..
12,Galicia,Al mar,2005,..
12,Galicia,Al mar,2004,..
12,Galicia,Al mar,2003,..
12,Galicia,Al mar,2002,..
12,Galicia,Al mar,2001,..
12,Galicia,Al mar,2000,..
12,Galicia,A un cauce fluvial,2022,"62,02"
12,Galicia,A un cauce fluvial,2020,"58,40"
12,Galicia,A un cauce fluvial,2018,"59,50"
12,Galicia,A un cauce fluvial,2016,"60,70"
12,Galicia,A un cauce fluvial,2014,"54,40"
12,Galicia,A un cauce fluvial,2013,"57,30"
12,Galicia,A un cauce fluvial,2012,..
12,Galicia,A un cauce fluvial,2011,..
12,Galicia,A un cauce fluvial,2010,..
12,Galicia,A un cauce fluvial,2009,..
12,Galicia,A un cauce fluvial,2008,..
12,Galicia,A un cauce fluvial,2007,..
12,Galicia,A un cauce fluvial,2006,..
12,Galicia,A un cauce fluvial,2005,..
12,Galicia,A un cauce fluvial,2004,..
12,Galicia,A un cauce fluvial,2003,..
12,Galicia,A un cauce fluvial,2002,..
12,Galicia,A un cauce fluvial,2001,..
12,Galicia,A un cauce fluvial,2000,..
12,Galicia,Agua reutilizada,2022,"0,06"
12,Galicia,Agua reutilizada,2020,"8,60"
12,Galicia,Agua reutilizada,2018,"18,20"
12,Galicia,Agua reutilizada,2016,"8,80"
12,Galicia,Agua reutilizada,2014,"0,10"
12,Galicia,Agua reutilizada,2013,"0,00"
12,Galicia,Agua reutilizada,2012,..
12,Galicia,Agua reutilizada,2011,..
12,Galicia,Agua reutilizada,2010,..
12,Galicia,Agua reutilizada,2009,..
12,Galicia,Agua reutilizada,2008,..
12,Galicia,Agua reutilizada,2007,..
12,Galicia,Agua reutilizada,2006,..
12,Galicia,Agua reutilizada,2005,..
12,Galicia,Agua reutilizada,2004,..
12,Galicia,Agua reutilizada,2003,..
12,Galicia,Agua reutilizada,2002,..
12,Galicia,Agua reutilizada,2001,..
12,Galicia,Agua reutilizada,2000,..
12,Galicia,Infiltraciones al terreno,2022,"0,02"
12,Galicia,Infiltraciones al terreno,2020,"3,10"
12,Galicia,Infiltraciones al terreno,2018,"0,00"
12,Galicia,Infiltraciones al terreno,2016,"0,00"
12,Galicia,Infiltraciones al terreno,2014,"0,00"
12,Galicia,Infiltraciones al terreno,2013,"0,00"
12,Galicia,Infiltraciones al terreno,2012,..
12,Galicia,Infiltraciones al terreno,2011,..
12,Galicia,Infiltraciones al terreno,2010,..
12,Galicia,Infiltraciones al terreno,2009,..
12,Galicia,Infiltraciones al terreno,2008,..
12,Galicia,Infiltraciones al terreno,2007,..
12,Galicia,Infiltraciones al terreno,2006,..
12,Galicia,Infiltraciones al terreno,2005,..
12,Galicia,Infiltraciones al terreno,2004,..
12,Galicia,Infiltraciones al terreno,2003,..
12,Galicia,Infiltraciones al terreno,2002,..
12,Galicia,Infiltraciones al terreno,2001,..
12,Galicia,Infiltraciones al terreno,2000,..
12,Galicia,Otros,2022,"0,02"
12,Galicia,Otros,2020,"0,00"
12,Galicia,Otros,2018,"0,00"
12,Galicia,Otros,2016,"0,00"
12,Galicia,Otros,2014,"0,00"
12,Galicia,Otros,2013,"0,00"
12,Galicia,Otros,2012,..
12,Galicia,Otros,2011,..
12,Galicia,Otros,2010,..
12,Galicia,Otros,2009,..
12,Galicia,Otros,2008,..
12,Galicia,Otros,2007,..
12,Galicia,Otros,2006,..
12,Galicia,Otros,2005,..
12,Galicia,Otros,2004,..
12,Galicia,Otros,2003,..
12,Galicia,Otros,2002,..
12,Galicia,Otros,2001,..
12,Galicia,Otros,2000,..
13,"Madrid, Comunidad de",Al mar,2022,"0,00"
13,"Madrid, Comunidad de",Al mar,2020,"0,00"
13,"Madrid, Comunidad de",Al mar,2018,"0,00"
13,"Madrid, Comunidad de",Al mar,2016,"0,00"
13,"Madrid, Comunidad de",Al mar,2014,"0,00"
13,"Madrid, Comunidad de",Al mar,2013,"0,00"
13,"Madrid, Comunidad de",Al mar,2012,..
13,"Madrid, Comunidad de",Al mar,2011,..
13,"Madrid, Comunidad de",Al mar,2010,..
13,"Madrid, Comunidad de",Al mar,2009,..
13,"Madrid, Comunidad de",Al mar,2008,..
13,"Madrid, Comunidad de",Al mar,2007,..
13,"Madrid, Comunidad de",Al mar,2006,..
13,"Madrid, Comunidad de",Al mar,2005,..
13,"Madrid, Comunidad de",Al mar,2004,..
13,"Madrid, Comunidad de",Al mar,2003,..
13,"Madrid, Comunidad de",Al mar,2002,..
13,"Madrid, Comunidad de",Al mar,2001,..
13,"Madrid, Comunidad de",Al mar,2000,..
13,"Madrid, Comunidad de",A un cauce fluvial,2022,"96,22"
13,"Madrid, Comunidad de",A un cauce fluvial,2020,"97,40"
13,"Madrid, Comunidad de",A un cauce fluvial,2018,"97,70"
13,"Madrid, Comunidad de",A un cauce fluvial,2016,"97,70"
13,"Madrid, Comunidad de",A un cauce fluvial,2014,"97,60"
13,"Madrid, Comunidad de",A un cauce fluvial,2013,"97,80"
13,"Madrid, Comunidad de",A un cauce fluvial,2012,..
13,"Madrid, Comunidad de",A un cauce fluvial,2011,..
13,"Madrid, Comunidad de",A un cauce fluvial,2010,..
13,"Madrid, Comunidad de",A un cauce fluvial,2009,..
13,"Madrid, Comunidad de",A un cauce fluvial,2008,..
13,"Madrid, Comunidad de",A un cauce fluvial,2007,..
13,"Madrid, Comunidad de",A un cauce fluvial,2006,..
13,"Madrid, Comunidad de",A un cauce fluvial,2005,..
13,"Madrid, Comunidad de",A un cauce fluvial,2004,..
13,"Madrid, Comunidad de",A un cauce fluvial,2003,..
13,"Madrid, Comunidad de",A un cauce fluvial,2002,..
13,"Madrid, Comunidad de",A un cauce fluvial,2001,..
13,"Madrid, Comunidad de",A un cauce fluvial,2000,..
13,"Madrid, Comunidad de",Agua reutilizada,2022,"3,78"
13,"Madrid, Comunidad de",Agua reutilizada,2020,"2,60"
13,"Madrid, Comunidad de",Agua reutilizada,2018,"2,30"
13,"Madrid, Comunidad de",Agua reutilizada,2016,"2,30"
13,"Madrid, Comunidad de",Agua reutilizada,2014,"2,40"
13,"Madrid, Comunidad de",Agua reutilizada,2013,"1,70"
13,"Madrid, Comunidad de",Agua reutilizada,2012,..
13,"Madrid, Comunidad de",Agua reutilizada,2011,..
13,"Madrid, Comunidad de",Agua reutilizada,2010,..
13,"Madrid, Comunidad de",Agua reutilizada,2009,..
13,"Madrid, Comunidad de",Agua reutilizada,2008,..
13,"Madrid, Comunidad de",Agua reutilizada,2007,..
13,"Madrid, Comunidad de",Agua reutilizada,2006,..
13,"Madrid, Comunidad de",Agua reutilizada,2005,..
13,"Madrid, Comunidad de",Agua reutilizada,2004,..
13,"Madrid, Comunidad de",Agua reutilizada,2003,..
13,"Madrid, Comunidad de",Agua reutilizada,2002,..
13,"Madrid, Comunidad de",Agua reutilizada,2001,..
13,"Madrid, Comunidad de",Agua reutilizada,2000,..
13,"Madrid, Comunidad de",Infiltraciones al terreno,2022,"0,00"
13,"Madrid, Comunidad de",Infiltraciones al terreno,2020,"0,00"
13,"Madrid, Comunidad de",Infiltraciones al terreno,2018,"0,00"
13,"Madrid, Comunidad de",Infiltraciones al terreno,2016,"0,00"
13,"Madrid, Comunidad de",Infiltraciones al terreno,2014,"0,00"
13,"Madrid, Comunidad de",Infiltraciones al terreno,2013,"0,50"
13,"Madrid, Comunidad de",Infiltraciones al terreno,2012,..
13,"Madrid, Comunidad de",Infiltraciones al terreno,2011,..
13,"Madrid, Comunidad de",Infiltraciones al terreno,2010,..
13,"Madrid, Comunidad de",Infiltraciones al terreno,2009,..
13,"Madrid, Comunidad de",Infiltraciones al terreno,2008,..
13,"Madrid, Comunidad de",Infiltraciones al terreno,2007,..
13,"Madrid, Comunidad de",Infiltraciones al terreno,2006,..
13,"Madrid, Comunidad de",Infiltraciones al terreno,2005,..
13,"Madrid, Comunidad de",Infiltraciones al terreno,2004,..
13,"Madrid, Comunidad de",Infiltraciones al terreno,2003,..
13,"Madrid, Comunidad de",Infiltraciones al terreno,2002,..
13,"Madrid, Comunidad de",Infiltraciones al terreno,2001,..
13,"Madrid, Comunidad de",Infiltraciones al terreno,2000,..
13,"Madrid, Comunidad de",Otros,2022,"0,00"
13,"Madrid, Comunidad de",Otros,2020,"0,00"
13,"Madrid, Comunidad de",Otros,2018,"0,00"
13,"Madrid, Comunidad de",Otros,2016,"0,00"
13,"Madrid, Comunidad de",Otros,2014,"0,00"
13,"Madrid, Comunidad de",Otros,2013,"0,00"
13,"Madrid, Comunidad de",Otros,2012,..
13,"Madrid, Comunidad de",Otros,2011,..
13,"Madrid, Comunidad de",Otros,2010,..
13,"Madrid, Comunidad de",Otros,2009,..
13,"Madrid, Comunidad de",Otros,2008,..
13,"Madrid, Comunidad de",Otros,2007,..
13,"Madrid, Comunidad de",Otros,2006,..
13,"Madrid, Comunidad de",Otros,2005,..
13,"Madrid, Comunidad de",Otros,2004,..
13,"Madrid, Comunidad de",Otros,2003,..
13,"Madrid, Comunidad de",Otros,2002,..
13,"Madrid, Comunidad de",Otros,2001,..
13,"Madrid, Comunidad de",Otros,2000,..
14,"Murcia, Región de",Al mar,2022,"11,30"
14,"Murcia, Región de",Al mar,2020,"2,10"
14,"Murcia, Región de",Al mar,2018,"1,50"
14,"Murcia, Región de",Al mar,2016,"11,50"
14,"Murcia, Región de",Al mar,2014,"10,40"
14,"Murcia, Región de",Al mar,2013,"5,00"
14,"Murcia, Región de",Al mar,2012,..
14,"Murcia, Región de",Al mar,2011,..
14,"Murcia, Región de",Al mar,2010,..
14,"Murcia, Región de",Al mar,2009,..
14,"Murcia, Región de",Al mar,2008,..
14,"Murcia, Región de",Al mar,2007,..
14,"Murcia, Región de",Al mar,2006,..
14,"Murcia, Región de",Al mar,2005,..
14,"Murcia, Región de",Al mar,2004,..
14,"Murcia, Región de",Al mar,2003,..
14,"Murcia, Región de",Al mar,2002,..
14,"Murcia, Región de",Al mar,2001,..
14,"Murcia, Región de",Al mar,2000,..
14,"Murcia, Región de",A un cauce fluvial,2022,"19,50"
14,"Murcia, Región de",A un cauce fluvial,2020,"6,50"
14,"Murcia, Región de",A un cauce fluvial,2018,"2,90"
14,"Murcia, Región de",A un cauce fluvial,2016,"16,70"
14,"Murcia, Región de",A un cauce fluvial,2014,"35,70"
14,"Murcia, Región de",A un cauce fluvial,2013,"33,20"
14,"Murcia, Región de",A un cauce fluvial,2012,..
14,"Murcia, Región de",A un cauce fluvial,2011,..
14,"Murcia, Región de",A un cauce fluvial,2010,..
14,"Murcia, Región de",A un cauce fluvial,2009,..
14,"Murcia, Región de",A un cauce fluvial,2008,..
14,"Murcia, Región de",A un cauce fluvial,2007,..
14,"Murcia, Región de",A un cauce fluvial,2006,..
14,"Murcia, Región de",A un cauce fluvial,2005,..
14,"Murcia, Región de",A un cauce fluvial,2004,..
14,"Murcia, Región de",A un cauce fluvial,2003,..
14,"Murcia, Región de",A un cauce fluvial,2002,..
14,"Murcia, Región de",A un cauce fluvial,2001,..
14,"Murcia, Región de",A un cauce fluvial,2000,..
14,"Murcia, Región de",Agua reutilizada,2022,"67,40"
14,"Murcia, Región de",Agua reutilizada,2020,"91,40"
14,"Murcia, Región de",Agua reutilizada,2018,"95,60"
14,"Murcia, Región de",Agua reutilizada,2016,"71,80"
14,"Murcia, Región de",Agua reutilizada,2014,"50,30"
14,"Murcia, Región de",Agua reutilizada,2013,"61,70"
14,"Murcia, Región de",Agua reutilizada,2012,..
14,"Murcia, Región de",Agua reutilizada,2011,..
14,"Murcia, Región de",Agua reutilizada,2010,..
14,"Murcia, Región de",Agua reutilizada,2009,..
14,"Murcia, Región de",Agua reutilizada,2008,..
14,"Murcia, Región de",Agua reutilizada,2007,..
14,"Murcia, Región de",Agua reutilizada,2006,..
14,"Murcia, Región de",Agua reutilizada,2005,..
14,"Murcia, Región de",Agua reutilizada,2004,..
14,"Murcia, Región de",Agua reutilizada,2003,..
14,"Murcia, Región de",Agua reutilizada,2002,..
14,"Murcia, Región de",Agua reutilizada,2001,..
14,"Murcia, Región de",Agua reutilizada,2000,..
14,"Murcia, Región de",Infiltraciones al terreno,2022,"0,40"
14,"Murcia, Región de",Infiltraciones al terreno,2020,"0,00"
14,"Murcia, Región de",Infiltraciones al terreno,2018,"0,00"
14,"Murcia, Región de",Infiltraciones al terreno,2016,"0,00"
14,"Murcia, Región de",Infiltraciones al terreno,2014,"0,20"
14,"Murcia, Región de",Infiltraciones al terreno,2013,"0,10"
14,"Murcia, Región de",Infiltraciones al terreno,2012,..
14,"Murcia, Región de",Infiltraciones al terreno,2011,..
14,"Murcia, Región de",Infiltraciones al terreno,2010,..
14,"Murcia, Región de",Infiltraciones al terreno,2009,..
14,"Murcia, Región de",Infiltraciones al terreno,2008,..
14,"Murcia, Región de",Infiltraciones al terreno,2007,..
14,"Murcia, Región de",Infiltraciones al terreno,2006,..
14,"Murcia, Región de",Infiltraciones al terreno,2005,..
14,"Murcia, Región de",Infiltraciones al terreno,2004,..
14,"Murcia, Región de",Infiltraciones al terreno,2003,..
14,"Murcia, Región de",Infiltraciones al terreno,2002,..
14,"Murcia, Región de",Infiltraciones al terreno,2001,..
14,"Murcia, Región de",Infiltraciones al terreno,2000,..
14,"Murcia, Región de",Otros,2022,"1,30"
14,"Murcia, Región de",Otros,2020,"0,00"
14,"Murcia, Región de",Otros,2018,"0,00"
14,"Murcia, Región de",Otros,2016,"0,00"
14,"Murcia, Región de",Otros,2014,"3,40"
14,"Murcia, Región de",Otros,2013,"0,00"
14,"Murcia, Región de",Otros,2012,..
14,"Murcia, Región de",Otros,2011,..
14,"Murcia, Región de",Otros,2010,..
14,"Murcia, Región de",Otros,2009,..
14,"Murcia, Región de",Otros,2008,..
14,"Murcia, Región de",Otros,2007,..
14,"Murcia, Región de",Otros,2006,..
14,"Murcia, Región de",Otros,2005,..
14,"Murcia, Región de",Otros,2004,..
14,"Murcia, Región de",Otros,2003,..
14,"Murcia, Región de",Otros,2002,..
14,"Murcia, Región de",Otros,2001,..
14,"Murcia, Región de",Otros,2000,..
15,"Navarra, Comunidad Foral de",Al mar,2022,"0,00"
15,"Navarra, Comunidad Foral de",Al mar,2020,"0,00"
15,"Navarra, Comunidad Foral de",Al mar,2018,"0,00"
15,"Navarra, Comunidad Foral de",Al mar,2016,"0,00"
15,"Navarra, Comunidad Foral de",Al mar,2014,"0,00"
15,"Navarra, Comunidad Foral de",Al mar,2013,"0,00"
15,"Navarra, Comunidad Foral de",Al mar,2012,..
15,"Navarra, Comunidad Foral de",Al mar,2011,..
15,"Navarra, Comunidad Foral de",Al mar,2010,..
15,"Navarra, Comunidad Foral de",Al mar,2009,..
15,"Navarra, Comunidad Foral de",Al mar,2008,..
15,"Navarra, Comunidad Foral de",Al mar,2007,..
15,"Navarra, Comunidad Foral de",Al mar,2006,..
15,"Navarra, Comunidad Foral de",Al mar,2005,..
15,"Navarra, Comunidad Foral de",Al mar,2004,..
15,"Navarra, Comunidad Foral de",Al mar,2003,..
15,"Navarra, Comunidad Foral de",Al mar,2002,..
15,"Navarra, Comunidad Foral de",Al mar,2001,..
15,"Navarra, Comunidad Foral de",Al mar,2000,..
15,"Navarra, Comunidad Foral de",A un cauce fluvial,2022,"92,70"
15,"Navarra, Comunidad Foral de",A un cauce fluvial,2020,"99,80"
15,"Navarra, Comunidad Foral de",A un cauce fluvial,2018,"100,00"
15,"Navarra, Comunidad Foral de",A un cauce fluvial,2016,"100,00"
15,"Navarra, Comunidad Foral de",A un cauce fluvial,2014,"100,00"
15,"Navarra, Comunidad Foral de",A un cauce fluvial,2013,"100,00"
15,"Navarra, Comunidad Foral de",A un cauce fluvial,2012,..
15,"Navarra, Comunidad Foral de",A un cauce fluvial,2011,..
15,"Navarra, Comunidad Foral de",A un cauce fluvial,2010,..
15,"Navarra, Comunidad Foral de",A un cauce fluvial,2009,..
15,"Navarra, Comunidad Foral de",A un cauce fluvial,2008,..
15,"Navarra, Comunidad Foral de",A un cauce fluvial,2007,..
15,"Navarra, Comunidad Foral de",A un cauce fluvial,2006,..
15,"Navarra, Comunidad Foral de",A un cauce fluvial,2005,..
15,"Navarra, Comunidad Foral de",A un cauce fluvial,2004,..
15,"Navarra, Comunidad Foral de",A un cauce fluvial,2003,..
15,"Navarra, Comunidad Foral de",A un cauce fluvial,2002,..
15,"Navarra, Comunidad Foral de",A un cauce fluvial,2001,..
15,"Navarra, Comunidad Foral de",A un cauce fluvial,2000,..
15,"Navarra, Comunidad Foral de",Agua reutilizada,2022,"7,30"
15,"Navarra, Comunidad Foral de",Agua reutilizada,2020,"0,10"
15,"Navarra, Comunidad Foral de",Agua reutilizada,2018,"0,00"
15,"Navarra, Comunidad Foral de",Agua reutilizada,2016,"0,00"
15,"Navarra, Comunidad Foral de",Agua reutilizada,2014,"0,00"
15,"Navarra, Comunidad Foral de",Agua reutilizada,2013,"0,00"
15,"Navarra, Comunidad Foral de",Agua reutilizada,2012,..
15,"Navarra, Comunidad Foral de",Agua reutilizada,2011,..
15,"Navarra, Comunidad Foral de",Agua reutilizada,2010,..
15,"Navarra, Comunidad Foral de",Agua reutilizada,2009,..
15,"Navarra, Comunidad Foral de",Agua reutilizada,2008,..
15,"Navarra, Comunidad Foral de",Agua reutilizada,2007,..
15,"Navarra, Comunidad Foral de",Agua reutilizada,2006,..
15,"Navarra, Comunidad Foral de",Agua reutilizada,2005,..
15,"Navarra, Comunidad Foral de",Agua reutilizada,2004,..
15,"Navarra, Comunidad Foral de",Agua reutilizada,2003,..
15,"Navarra, Comunidad Foral de",Agua reutilizada,2002,..
15,"Navarra, Comunidad Foral de",Agua reutilizada,2001,..
15,"Navarra, Comunidad Foral de",Agua reutilizada,2000,..
15,"Navarra, Comunidad Foral de",Infiltraciones al terreno,2022,"0,00"
15,"Navarra, Comunidad Foral de",Infiltraciones al terreno,2020,"0,00"
15,"Navarra, Comunidad Foral de",Infiltraciones al terreno,2018,"0,00"
15,"Navarra, Comunidad Foral de",Infiltraciones al terreno,2016,"0,00"
15,"Navarra, Comunidad Foral de",Infiltraciones al terreno,2014,"0,00"
15,"Navarra, Comunidad Foral de",Infiltraciones al terreno,2013,"0,00"
15,"Navarra, Comunidad Foral de",Infiltraciones al terreno,2012,..
15,"Navarra, Comunidad Foral de",Infiltraciones al terreno,2011,..
15,"Navarra, Comunidad Foral de",Infiltraciones al terreno,2010,..
15,"Navarra, Comunidad Foral de",Infiltraciones al terreno,2009,..
15,"Navarra, Comunidad Foral de",Infiltraciones al terreno,2008,..
15,"Navarra, Comunidad Foral de",Infiltraciones al terreno,2007,..
15,"Navarra, Comunidad Foral de",Infiltraciones al terreno,2006,..
15,"Navarra, Comunidad Foral de",Infiltraciones al terreno,2005,..
15,"Navarra, Comunidad Foral de",Infiltraciones al terreno,2004,..
15,"Navarra, Comunidad Foral de",Infiltraciones al terreno,2003,..
15,"Navarra, Comunidad Foral de",Infiltraciones al terreno,2002,..
15,"Navarra, Comunidad Foral de",Infiltraciones al terreno,2001,..
15,"Navarra, Comunidad Foral de",Infiltraciones al terreno,2000,..
15,"Navarra, Comunidad Foral de",Otros,2022,"0,00"
15,"Navarra, Comunidad Foral de",Otros,2020,"0,10"
15,"Navarra, Comunidad Foral de",Otros,2018,"0,00"
15,"Navarra, Comunidad Foral de",Otros,2016,"0,00"
15,"Navarra, Comunidad Foral de",Otros,2014,"0,00"
15,"Navarra, Comunidad Foral de",Otros,2013,"0,00"
15,"Navarra, Comunidad Foral de",Otros,2012,..
15,"Navarra, Comunidad Foral de",Otros,2011,..
15,"Navarra, Comunidad Foral de",Otros,2010,..
15,"Navarra, Comunidad Foral de",Otros,2009,..
15,"Navarra, Comunidad Foral de",Otros,2008,..
15,"Navarra, Comunidad Foral de",Otros,2007,..
15,"Navarra, Comunidad Foral de",Otros,2006,..
15,"Navarra, Comunidad Foral de",Otros,2005,..
15,"Navarra, Comunidad Foral de",Otros,2004,..
15,"Navarra, Comunidad Foral de",Otros,2003,..
15,"Navarra, Comunidad Foral de",Otros,2002,..
15,"Navarra, Comunidad Foral de",Otros,2001,..
15,"Navarra, Comunidad Foral de",Otros,2000,..
16,País Vasco,Al mar,2022,"47,78"
16,País Vasco,Al mar,2020,"65,70"
16,País Vasco,Al mar,2018,"65,60"
16,País Vasco,Al mar,2016,"67,70"
16,País Vasco,Al mar,2014,"58,90"
16,País Vasco,Al mar,2013,"57,00"
16,País Vasco,Al mar,2012,..
16,País Vasco,Al mar,2011,..
16,País Vasco,Al mar,2010,..
16,País Vasco,Al mar,2009,..
16,País Vasco,Al mar,2008,..
16,País Vasco,Al mar,2007,..
16,País Vasco,Al mar,2006,..
16,País Vasco,Al mar,2005,..
16,País Vasco,Al mar,2004,..
16,País Vasco,Al mar,2003,..
16,País Vasco,Al mar,2002,..
16,País Vasco,Al mar,2001,..
16,País Vasco,Al mar,2000,..
16,País Vasco,A un cauce fluvial,2022,"42,39"
16,País Vasco,A un cauce fluvial,2020,"33,40"
16,País Vasco,A un cauce fluvial,2018,"33,20"
16,País Vasco,A un cauce fluvial,2016,"31,40"
16,País Vasco,A un cauce fluvial,2014,"39,50"
16,País Vasco,A un cauce fluvial,2013,"41,70"
16,País Vasco,A un cauce fluvial,2012,..
16,País Vasco,A un cauce fluvial,2011,..
16,País Vasco,A un cauce fluvial,2010,..
16,País Vasco,A un cauce fluvial,2009,..
16,País Vasco,A un cauce fluvial,2008,..
16,País Vasco,A un cauce fluvial,2007,..
16,País Vasco,A un cauce fluvial,2006,..
16,País Vasco,A un cauce fluvial,2005,..
16,País Vasco,A un cauce fluvial,2004,..
16,País Vasco,A un cauce fluvial,2003,..
16,País Vasco,A un cauce fluvial,2002,..
16,País Vasco,A un cauce fluvial,2001,..
16,País Vasco,A un cauce fluvial,2000,..
16,País Vasco,Agua reutilizada,2022,"9,83"
16,País Vasco,Agua reutilizada,2020,"0,90"
16,País Vasco,Agua reutilizada,2018,"1,20"
16,País Vasco,Agua reutilizada,2016,"0,90"
16,País Vasco,Agua reutilizada,2014,"1,60"
16,País Vasco,Agua reutilizada,2013,"1,30"
16,País Vasco,Agua reutilizada,2012,..
16,País Vasco,Agua reutilizada,2011,..
16,País Vasco,Agua reutilizada,2010,..
16,País Vasco,Agua reutilizada,2009,..
16,País Vasco,Agua reutilizada,2008,..
16,País Vasco,Agua reutilizada,2007,..
16,País Vasco,Agua reutilizada,2006,..
16,País Vasco,Agua reutilizada,2005,..
16,País Vasco,Agua reutilizada,2004,..
16,País Vasco,Agua reutilizada,2003,..
16,País Vasco,Agua reutilizada,2002,..
16,País Vasco,Agua reutilizada,2001,..
16,País Vasco,Agua reutilizada,2000,..
16,País Vasco,Infiltraciones al terreno,2022,"0,00"
16,País Vasco,Infiltraciones al terreno,2020,"0,00"
16,País Vasco,Infiltraciones al terreno,2018,"0,00"
16,País Vasco,Infiltraciones al terreno,2016,"0,00"
16,País Vasco,Infiltraciones al terreno,2014,"0,00"
16,País Vasco,Infiltraciones al terreno,2013,"0,00"
16,País Vasco,Infiltraciones al terreno,2012,..
16,País Vasco,Infiltraciones al terreno,2011,..
16,País Vasco,Infiltraciones al terreno,2010,..
16,País Vasco,Infiltraciones al terreno,2009,..
16,País Vasco,Infiltraciones al terreno,2008,..
16,País Vasco,Infiltraciones al terreno,2007,..
16,País Vasco,Infiltraciones al terreno,2006,..
16,País Vasco,Infiltraciones al terreno,2005,..
16,País Vasco,Infiltraciones al terreno,2004,..
16,País Vasco,Infiltraciones al terreno,2003,..
16,País Vasco,Infiltraciones al terreno,2002,..
16,País Vasco,Infiltraciones al terreno,2001,..
16,País Vasco,Infiltraciones al terreno,2000,..
16,País Vasco,Otros,2022,"0,00"
16,País Vasco,Otros,2020,"0,00"
16,País Vasco,Otros,2018,"0,00"
16,País Vasco,Otros,2016,"0,00"
16,País Vasco,Otros,2014,"0,00"
16,País Vasco,Otros,2013,"0,00"
16,País Vasco,Otros,2012,..
16,País Vasco,Otros,2011,..
16,País Vasco,Otros,2010,..
16,País Vasco,Otros,2009,..
16,País Vasco,Otros,2008,..
16,País Vasco,Otros,2007,..
16,País Vasco,Otros,2006,..
16,País Vasco,Otros,2005,..
16,País Vasco,Otros,2004,..
16,País Vasco,Otros,2003,..
16,País Vasco,Otros,2002,..
16,País Vasco,Otros,2001,..
16,País Vasco,Otros,2000,..
17,"Rioja, La",Al mar,2022,"0,00"
17,"Rioja, La",Al mar,2020,"0,00"
17,"Rioja, La",Al mar,2018,"0,00"
17,"Rioja, La",Al mar,2016,"0,00"
17,"Rioja, La",Al mar,2014,"0,00"
17,"Rioja, La",Al mar,2013,"0,00"
17,"Rioja, La",Al mar,2012,..
17,"Rioja, La",Al mar,2011,..
17,"Rioja, La",Al mar,2010,..
17,"Rioja, La",Al mar,2009,..
17,"Rioja, La",Al mar,2008,..
17,"Rioja, La",Al mar,2007,..
17,"Rioja, La",Al mar,2006,..
17,"Rioja, La",Al mar,2005,..
17,"Rioja, La",Al mar,2004,..
17,"Rioja, La",Al mar,2003,..
17,"Rioja, La",Al mar,2002,..
17,"Rioja, La",Al mar,2001,..
17,"Rioja, La",Al mar,2000,..
17,"Rioja, La",A un cauce fluvial,2022,"100,00"
17,"Rioja, La",A un cauce fluvial,2020,"100,00"
17,"Rioja, La",A un cauce fluvial,2018,"100,00"
17,"Rioja, La",A un cauce fluvial,2016,"100,00"
17,"Rioja, La",A un cauce fluvial,2014,"100,00"
17,"Rioja, La",A un cauce fluvial,2013,"100,00"
17,"Rioja, La",A un cauce fluvial,2012,..
17,"Rioja, La",A un cauce fluvial,2011,..
17,"Rioja, La",A un cauce fluvial,2010,..
17,"Rioja, La",A un cauce fluvial,2009,..
17,"Rioja, La",A un cauce fluvial,2008,..
17,"Rioja, La",A un cauce fluvial,2007,..
17,"Rioja, La",A un cauce fluvial,2006,..
17,"Rioja, La",A un cauce fluvial,2005,..
17,"Rioja, La",A un cauce fluvial,2004,..
17,"Rioja, La",A un cauce fluvial,2003,..
17,"Rioja, La",A un cauce fluvial,2002,..
17,"Rioja, La",A un cauce fluvial,2001,..
17,"Rioja, La",A un cauce fluvial,2000,..
17,"Rioja, La",Agua reutilizada,2022,"0,00"
17,"Rioja, La",Agua reutilizada,2020,"0,00"
17,"Rioja, La",Agua reutilizada,2018,"0,00"
17,"Rioja, La",Agua reutilizada,2016,"0,00"
17,"Rioja, La",Agua reutilizada,2014,"0,00"
17,"Rioja, La",Agua reutilizada,2013,"0,00"
17,"Rioja, La",Agua reutilizada,2012,..
17,"Rioja, La",Agua reutilizada,2011,..
17,"Rioja, La",Agua reutilizada,2010,..
17,"Rioja, La",Agua reutilizada,2009,..
17,"Rioja, La",Agua reutilizada,2008,..
17,"Rioja, La",Agua reutilizada,2007,..
17,"Rioja, La",Agua reutilizada,2006,..
17,"Rioja, La",Agua reutilizada,2005,..
17,"Rioja, La",Agua reutilizada,2004,..
17,"Rioja, La",Agua reutilizada,2003,..
17,"Rioja, La",Agua reutilizada,2002,..
17,"Rioja, La",Agua reutilizada,2001,..
17,"Rioja, La",Agua reutilizada,2000,..
17,"Rioja, La",Infiltraciones al terreno,2022,"0,00"
17,"Rioja, La",Infiltraciones al terreno,2020,"0,00"
17,"Rioja, La",Infiltraciones al terreno,2018,"0,00"
17,"Rioja, La",Infiltraciones al terreno,2016,"0,00"
17,"Rioja, La",Infiltraciones al terreno,2014,"0,00"
17,"Rioja, La",Infiltraciones al terreno,2013,"0,00"
17,"Rioja, La",Infiltraciones al terreno,2012,..
17,"Rioja, La",Infiltraciones al terreno,2011,..
17,"Rioja, La",Infiltraciones al terreno,2010,..
17,"Rioja, La",Infiltraciones al terreno,2009,..
17,"Rioja, La",Infiltraciones al terreno,2008,..
17,"Rioja, La",Infiltraciones al terreno,2007,..
17,"Rioja, La",Infiltraciones al terreno,2006,..
17,"Rioja, La",Infiltraciones al terreno,2005,..
17,"Rioja, La",Infiltraciones al terreno,2004,..
17,"Rioja, La",Infiltraciones al terreno,2003,..
17,"Rioja, La",Infiltraciones al terreno,2002,..
17,"Rioja, La",Infiltraciones al terreno,2001,..
17,"Rioja, La",Infiltraciones al terreno,2000,..
17,"Rioja, La",Otros,2022,"0,00"
17,"Rioja, La",Otros,2020,"0,00"
17,"Rioja, La",Otros,2018,"0,00"
17,"Rioja, La",Otros,2016,"0,00"
17,"Rioja, La",Otros,2014,"0,00"
17,"Rioja, La",Otros,2013,"0,00"
17,"Rioja, La",Otros,2012,..
17,"Rioja, La",Otros,2011,..
17,"Rioja, La",Otros,2010,..
17,"Rioja, La",Otros,2009,..
17,"Rioja, La",Otros,2008,..
17,"Rioja, La",Otros,2007,..
17,"Rioja, La",Otros,2006,..
17,"Rioja, La",Otros,2005,..
17,"Rioja, La",Otros,2004,..
17,"Rioja, La",Otros,2003,..
17,"Rioja, La",Otros,2002,..
17,"Rioja, La",Otros,2001,..
17,"Rioja, La",Otros,2000,..
18,Ceuta y Melilla,Al mar,2022,"61,96"
18,Ceuta y Melilla,Al mar,2020,"100,00"
18,Ceuta y Melilla,Al mar,2018,"99,90"
18,Ceuta y Melilla,Al mar,2016,"100,00"
18,Ceuta y Melilla,Al mar,2014,"99,00"
18,Ceuta y Melilla,Al mar,2013,"99,00"
18,Ceuta y Melilla,Al mar,2012,..
18,Ceuta y Melilla,Al mar,2011,..
18,Ceuta y Melilla,Al mar,2010,..
18,Ceuta y Melilla,Al mar,2009,..
18,Ceuta y Melilla,Al mar,2008,..
18,Ceuta y Melilla,Al mar,2007,..
18,Ceuta y Melilla,Al mar,2006,..
18,Ceuta y Melilla,Al mar,2005,..
18,Ceuta y Melilla,Al mar,2004,..
18,Ceuta y Melilla,Al mar,2003,..
18,Ceuta y Melilla,Al mar,2002,..
18,Ceuta y Melilla,Al mar,2001,..
18,Ceuta y Melilla,Al mar,2000,..
18,Ceuta y Melilla,A un cauce fluvial,2022,"0,00"
18,Ceuta y Melilla,A un cauce fluvial,2020,"0,00"
18,Ceuta y Melilla,A un cauce fluvial,2018,"0,00"
18,Ceuta y Melilla,A un cauce fluvial,2016,"0,00"
18,Ceuta y Melilla,A un cauce fluvial,2014,"0,00"
18,Ceuta y Melilla,A un cauce fluvial,2013,"0,00"
18,Ceuta y Melilla,A un cauce fluvial,2012,..
18,Ceuta y Melilla,A un cauce fluvial,2011,..
18,Ceuta y Melilla,A un cauce fluvial,2010,..
18,Ceuta y Melilla,A un cauce fluvial,2009,..
18,Ceuta y Melilla,A un cauce fluvial,2008,..
18,Ceuta y Melilla,A un cauce fluvial,2007,..
18,Ceuta y Melilla,A un cauce fluvial,2006,..
18,Ceuta y Melilla,A un cauce fluvial,2005,..
18,Ceuta y Melilla,A un cauce fluvial,2004,..
18,Ceuta y Melilla,A un cauce fluvial,2003,..
18,Ceuta y Melilla,A un cauce fluvial,2002,..
18,Ceuta y Melilla,A un cauce fluvial,2001,..
18,Ceuta y Melilla,A un cauce fluvial,2000,..
18,Ceuta y Melilla,Agua reutilizada,2022,"38,04"
18,Ceuta y Melilla,Agua reutilizada,2020,"0,00"
18,Ceuta y Melilla,Agua reutilizada,2018,"0,10"
18,Ceuta y Melilla,Agua reutilizada,2016,"0,00"
18,Ceuta y Melilla,Agua reutilizada,2014,"1,00"
18,Ceuta y Melilla,Agua reutilizada,2013,"1,00"
18,Ceuta y Melilla,Agua reutilizada,2012,..
18,Ceuta y Melilla,Agua reutilizada,2011,..
18,Ceuta y Melilla,Agua reutilizada,2010,..
18,Ceuta y Melilla,Agua reutilizada,2009,..
18,Ceuta y Melilla,Agua reutilizada,2008,..
18,Ceuta y Melilla,Agua reutilizada,2007,..
18,Ceuta y Melilla,Agua reutilizada,2006,..
18,Ceuta y Melilla,Agua reutilizada,2005,..
18,Ceuta y Melilla,Agua reutilizada,2004,..
18,Ceuta y Melilla,Agua reutilizada,2003,..
18,Ceuta y Melilla,Agua reutilizada,2002,..
18,Ceuta y Melilla,Agua reutilizada,2001,..
18,Ceuta y Melilla,Agua reutilizada,2000,..
18,Ceuta y Melilla,Infiltraciones al terreno,2022,"0,00"
18,Ceuta y Melilla,Infiltraciones al terreno,2020,"0,00"
18,Ceuta y Melilla,Infiltraciones al terreno,2018,"0,00"
18,Ceuta y Melilla,Infiltraciones al terreno,2016,"0,00"
18,Ceuta y Melilla,Infiltraciones al terreno,2014,"0,00"
18,Ceuta y Melilla,Infiltraciones al terreno,2013,"0,00"
18,Ceuta y Melilla,Infiltraciones al terreno,2012,..
18,Ceuta y Melilla,Infiltraciones al terreno,2011,..
18,Ceuta y Melilla,Infiltraciones al terreno,2010,..
18,Ceuta y Melilla,Infiltraciones al terreno,2009,..
18,Ceuta y Melilla,Infiltraciones al terreno,2008,..
18,Ceuta y Melilla,Infiltraciones al terreno,2007,..
18,Ceuta y Melilla,Infiltraciones al terreno,2006,..
18,Ceuta y Melilla,Infiltraciones al terreno,2005,..
18,Ceuta y Melilla,Infiltraciones al terreno,2004,..
18,Ceuta y Melilla,Infiltraciones al terreno,2003,..
18,Ceuta y Melilla,Infiltraciones al terreno,2002,..
18,Ceuta y Melilla,Infiltraciones al terreno,2001,..
18,Ceuta y Melilla,Infiltraciones al terreno,2000,..
18,Ceuta y Melilla,Otros,2022,"0,00"
18,Ceuta y Melilla,Otros,2020,"0,00"
18,Ceuta y Melilla,Otros,2018,"0,00"
18,Ceuta y Melilla,Otros,2016,"0,00"
18,Ceuta y Melilla,Otros,2014,"0,00"
18,Ceuta y Melilla,Otros,2013,"0,00"
18,Ceuta y Melilla,Otros,2012,..
18,Ceuta y Melilla,Otros,2011,..
18,Ceuta y Melilla,Otros,2010,..
18,Ceuta y Melilla,Otros,2009,..
18,Ceuta y Melilla,Otros,2008,..
18,Ceuta y Melilla,Otros,2007,..
18,Ceuta y Melilla,Otros,2006,..
18,Ceuta y Melilla,Otros,2005,..
18,Ceuta y Melilla,Otros,2004,..
18,Ceuta y Melilla,Otros,2003,..
18,Ceuta y Melilla,Otros,2002,..
18,Ceuta y Melilla,Otros,2001,..
18,Ceuta y Melilla,Otros,2000,..
