code,region,tipo_de_destino,periodo,total
00,Total Nacional,"Agricultura, silvicultura y jardinería",2022,"85,7"
00,Total Nacional,"Agricultura, silvicultura y jardinería",2020,"86,0"
00,Total Nacional,"Agricultura, silvicultura y jardinería",2018,"87,0"
00,Total Nacional,"Agricultura, silvicultura y jardinería",2016,"80,2"
00,Total Nacional,"Agricultura, silvicultura y jardinería",2014,"79,7"
00,Total Nacional,"Agricultura, silvicultura y jardinería",2013,"77,4"
00,Total Nacional,"Agricultura, silvicultura y jardinería",2012,"70,8"
00,Total Nacional,"Agricultura, silvicultura y jardinería",2011,..
00,Total Nacional,"Agricultura, silvicultura y jardinería",2010,..
00,Total Nacional,"Agricultura, silvicultura y jardinería",2009,..
00,Total Nacional,"Agricultura, silvicultura y jardinería",2008,..
00,Total Nacional,"Agricultura, silvicultura y jardinería",2007,..
00,Total Nacional,"Agricultura, silvicultura y jardinería",2006,..
00,Total Nacional,"Agricultura, silvicultura y jardinería",2005,..
00,Total Nacional,"Agricultura, silvicultura y jardinería",2004,..
00,Total Nacional,"Agricultura, silvicultura y jardinería",2003,..
00,Total Nacional,"Agricultura, silvicultura y jardinería",2002,..
00,Total Nacional,"Agricultura, silvicultura y jardinería",2001,..
00,Total Nacional,"Agricultura, silvicultura y jardinería",2000,..
00,Total Nacional,Incineración o aprovechamiento energético,2022,"6,2"
00,Total Nacional,Incineración o aprovechamiento energético,2020,"9,5"
00,Total Nacional,Incineración o aprovechamiento energético,2018,"5,5"
00,Total Nacional,Incineración o aprovechamiento energético,2016,"9,5"
00,Total Nacional,Incineración o aprovechamiento energético,2014,"9,0"
00,Total Nacional,Incineración o aprovechamiento energético,2013,"10,8"
00,Total Nacional,Incineración o aprovechamiento energético,2012,"11,6"
00,Total Nacional,Incineración o aprovechamiento energético,2011,..
00,Total Nacional,Incineración o aprovechamiento energético,2010,..
00,Total Nacional,Incineración o aprovechamiento energético,2009,..
00,Total Nacional,Incineración o aprovechamiento energético,2008,..
00,Total Nacional,Incineración o aprovechamiento energético,2007,..
00,Total Nacional,Incineración o aprovechamiento energético,2006,..
00,Total Nacional,Incineración o aprovechamiento energético,2005,..
00,Total Nacional,Incineración o aprovechamiento energético,2004,..
00,Total Nacional,Incineración o aprovechamiento energético,2003,..
00,Total Nacional,Incineración o aprovechamiento energético,2002,..
00,Total Nacional,Incineración o aprovechamiento energético,2001,..
00,Total Nacional,Incineración o aprovechamiento energético,2000,..
00,Total Nacional,Vertedero,2022,"8,0"
00,Total Nacional,Vertedero,2020,"4,5"
00,Total Nacional,Vertedero,2018,"7,5"
00,Total Nacional,Vertedero,2016,"10,3"
00,Total Nacional,Vertedero,2014,"11,3"
00,Total Nacional,Vertedero,2013,"11,8"
00,Total Nacional,Vertedero,2012,"17,6"
00,Total Nacional,Vertedero,2011,..
00,Total Nacional,Vertedero,2010,..
00,Total Nacional,Vertedero,2009,..
00,Total Nacional,Vertedero,2008,..
00,Total Nacional,Vertedero,2007,..
00,Total Nacional,Vertedero,2006,..
00,Total Nacional,Vertedero,2005,..
00,Total Nacional,Vertedero,2004,..
00,Total Nacional,Vertedero,2003,..
00,Total Nacional,Vertedero,2002,..
00,Total Nacional,Vertedero,2001,..
00,Total Nacional,Vertedero,2000,..
01,Andalucía,"Agricultura, silvicultura y jardinería",2022,"86,5"
01,Andalucía,"Agricultura, silvicultura y jardinería",2020,"94,1"
01,Andalucía,"Agricultura, silvicultura y jardinería",2018,"94,2"
01,Andalucía,"Agricultura, silvicultura y jardinería",2016,"92,2"
01,Andalucía,"Agricultura, silvicultura y jardinería",2014,"87,2"
01,Andalucía,"Agricultura, silvicultura y jardinería",2013,"86,6"
01,Andalucía,"Agricultura, silvicultura y jardinería",2012,"80,1"
01,Andalucía,"Agricultura, silvicultura y jardinería",2011,..
01,Andalucía,"Agricultura, silvicultura y jardinería",2010,..
01,Andalucía,"Agricultura, silvicultura y jardinería",2009,..
01,Andalucía,"Agricultura, silvicultura y jardinería",2008,..
01,Andalucía,"Agricultura, silvicultura y jardinería",2007,..
01,Andalucía,"Agricultura, silvicultura y jardinería",2006,..
01,Andalucía,"Agricultura, silvicultura y jardinería",2005,..
01,Andalucía,"Agricultura, silvicultura y jardinería",2004,..
01,Andalucía,"Agricultura, silvicultura y jardinería",2003,..
01,Andalucía,"Agricultura, silvicultura y jardinería",2002,..
01,Andalucía,"Agricultura, silvicultura y jardinería",2001,..
01,Andalucía,"Agricultura, silvicultura y jardinería",2000,..
01,Andalucía,Incineración o aprovechamiento energético,2022,"4,7"
01,Andalucía,Incineración o aprovechamiento energético,2020,"0,1"
01,Andalucía,Incineración o aprovechamiento energético,2018,"1,6"
01,Andalucía,Incineración o aprovechamiento energético,2016,"3,0"
01,Andalucía,Incineración o aprovechamiento energético,2014,"3,5"
01,Andalucía,Incineración o aprovechamiento energético,2013,"1,8"
01,Andalucía,Incineración o aprovechamiento energético,2012,"2,9"
01,Andalucía,Incineración o aprovechamiento energético,2011,..
01,Andalucía,Incineración o aprovechamiento energético,2010,..
01,Andalucía,Incineración o aprovechamiento energético,2009,..
01,Andalucía,Incineración o aprovechamiento energético,2008,..
01,Andalucía,Incineración o aprovechamiento energético,2007,..
01,Andalucía,Incineración o aprovechamiento energético,2006,..
01,Andalucía,Incineración o aprovechamiento energético,2005,..
01,Andalucía,Incineración o aprovechamiento energético,2004,..
01,Andalucía,Incineración o aprovechamiento energético,2003,..
01,Andalucía,Incineración o aprovechamiento energético,2002,..
01,Andalucía,Incineración o aprovechamiento energético,2001,..
01,Andalucía,Incineración o aprovechamiento energético,2000,..
01,Andalucía,Vertedero,2022,"8,8"
01,Andalucía,Vertedero,2020,"5,8"
01,Andalucía,Vertedero,2018,"4,2"
01,Andalucía,Vertedero,2016,"4,8"
01,Andalucía,Vertedero,2014,"9,3"
01,Andalucía,Vertedero,2013,"11,6"
01,Andalucía,Vertedero,2012,"17,0"
01,Andalucía,Vertedero,2011,..
01,Andalucía,Vertedero,2010,..
01,Andalucía,Vertedero,2009,..
01,Andalucía,Vertedero,2008,..
01,Andalucía,Vertedero,2007,..
01,Andalucía,Vertedero,2006,..
01,Andalucía,Vertedero,2005,..
01,Andalucía,Vertedero,2004,..
01,Andalucía,Vertedero,2003,..
01,Andalucía,Vertedero,2002,..
01,Andalucía,Vertedero,2001,..
01,Andalucía,Vertedero,2000,..
02,Aragón,"Agricultura, silvicultura y jardinería",2022,"53,7"
02,Aragón,"Agricultura, silvicultura y jardinería",2020,"58,3"
02,Aragón,"Agricultura, silvicultura y jardinería",2018,"98,5"
02,Aragón,"Agricultura, silvicultura y jardinería",2016,"68,5"
02,Aragón,"Agricultura, silvicultura y jardinería",2014,"62,0"
02,Aragón,"Agricultura, silvicultura y jardinería",2013,"61,2"
02,Aragón,"Agricultura, silvicultura y jardinería",2012,"59,4"
02,Aragón,"Agricultura, silvicultura y jardinería",2011,..
02,Aragón,"Agricultura, silvicultura y jardinería",2010,..
02,Aragón,"Agricultura, silvicultura y jardinería",2009,..
02,Aragón,"Agricultura, silvicultura y jardinería",2008,..
02,Aragón,"Agricultura, silvicultura y jardinería",2007,..
02,Aragón,"Agricultura, silvicultura y jardinería",2006,..
02,Aragón,"Agricultura, silvicultura y jardinería",2005,..
02,Aragón,"Agricultura, silvicultura y jardinería",2004,..
02,Aragón,"Agricultura, silvicultura y jardinería",2003,..
02,Aragón,"Agricultura, silvicultura y jardinería",2002,..
02,Aragón,"Agricultura, silvicultura y jardinería",2001,..
02,Aragón,"Agricultura, silvicultura y jardinería",2000,..
02,Aragón,Incineración o aprovechamiento energético,2022,"41,6"
02,Aragón,Incineración o aprovechamiento energético,2020,"40,2"
02,Aragón,Incineración o aprovechamiento energético,2018,"0,0"
02,Aragón,Incineración o aprovechamiento energético,2016,"29,7"
02,Aragón,Incineración o aprovechamiento energético,2014,"31,2"
02,Aragón,Incineración o aprovechamiento energético,2013,"31,3"
02,Aragón,Incineración o aprovechamiento energético,2012,"32,8"
02,Aragón,Incineración o aprovechamiento energético,2011,..
02,Aragón,Incineración o aprovechamiento energético,2010,..
02,Aragón,Incineración o aprovechamiento energético,2009,..
02,Aragón,Incineración o aprovechamiento energético,2008,..
02,Aragón,Incineración o aprovechamiento energético,2007,..
02,Aragón,Incineración o aprovechamiento energético,2006,..
02,Aragón,Incineración o aprovechamiento energético,2005,..
02,Aragón,Incineración o aprovechamiento energético,2004,..
02,Aragón,Incineración o aprovechamiento energético,2003,..
02,Aragón,Incineración o aprovechamiento energético,2002,..
02,Aragón,Incineración o aprovechamiento energético,2001,..
02,Aragón,Incineración o aprovechamiento energético,2000,..
02,Aragón,Vertedero,2022,"4,7"
02,Aragón,Vertedero,2020,"1,5"
02,Aragón,Vertedero,2018,"1,5"
02,Aragón,Vertedero,2016,"1,8"
02,Aragón,Vertedero,2014,"6,8"
02,Aragón,Vertedero,2013,"7,5"
02,Aragón,Vertedero,2012,"7,8"
02,Aragón,Vertedero,2011,..
02,Aragón,Vertedero,2010,..
02,Aragón,Vertedero,2009,..
02,Aragón,Vertedero,2008,..
02,Aragón,Vertedero,2007,..
02,Aragón,Vertedero,2006,..
02,Aragón,Vertedero,2005,..
02,Aragón,Vertedero,2004,..
02,Aragón,Vertedero,2003,..
02,Aragón,Vertedero,2002,..
02,Aragón,Vertedero,2001,..
02,Aragón,Vertedero,2000,..
03,"Asturias, Principado de","Agricultura, silvicultura y jardinería",2022,"50,4"
03,"Asturias, Principado de","Agricultura, silvicultura y jardinería",2020,"21,9"
03,"Asturias, Principado de","Agricultura, silvicultura y jardinería",2018,"4,2"
03,"Asturias, Principado de","Agricultura, silvicultura y jardinería",2016,"0,0"
03,"Asturias, Principado de","Agricultura, silvicultura y jardinería",2014,"68,0"
03,"Asturias, Principado de","Agricultura, silvicultura y jardinería",2013,"0,0"
03,"Asturias, Principado de","Agricultura, silvicultura y jardinería",2012,"0,0"
03,"Asturias, Principado de","Agricultura, silvicultura y jardinería",2011,..
03,"Asturias, Principado de","Agricultura, silvicultura y jardinería",2010,..
03,"Asturias, Principado de","Agricultura, silvicultura y jardinería",2009,..
03,"Asturias, Principado de","Agricultura, silvicultura y jardinería",2008,..
03,"Asturias, Principado de","Agricultura, silvicultura y jardinería",2007,..
03,"Asturias, Principado de","Agricultura, silvicultura y jardinería",2006,..
03,"Asturias, Principado de","Agricultura, silvicultura y jardinería",2005,..
03,"Asturias, Principado de","Agricultura, silvicultura y jardinería",2004,..
03,"Asturias, Principado de","Agricultura, silvicultura y jardinería",2003,..
03,"Asturias, Principado de","Agricultura, silvicultura y jardinería",2002,..
03,"Asturias, Principado de","Agricultura, silvicultura y jardinería",2001,..
03,"Asturias, Principado de","Agricultura, silvicultura y jardinería",2000,..
03,"Asturias, Principado de",Incineración o aprovechamiento energético,2022,"0,0"
03,"Asturias, Principado de",Incineración o aprovechamiento energético,2020,"0,0"
03,"Asturias, Principado de",Incineración o aprovechamiento energético,2018,"40,8"
03,"Asturias, Principado de",Incineración o aprovechamiento energético,2016,"0,0"
03,"Asturias, Principado de",Incineración o aprovechamiento energético,2014,"0,0"
03,"Asturias, Principado de",Incineración o aprovechamiento energético,2013,"0,0"
03,"Asturias, Principado de",Incineración o aprovechamiento energético,2012,"0,0"
03,"Asturias, Principado de",Incineración o aprovechamiento energético,2011,..
03,"Asturias, Principado de",Incineración o aprovechamiento energético,2010,..
03,"Asturias, Principado de",Incineración o aprovechamiento energético,2009,..
03,"Asturias, Principado de",Incineración o aprovechamiento energético,2008,..
03,"Asturias, Principado de",Incineración o aprovechamiento energético,2007,..
03,"Asturias, Principado de",Incineración o aprovechamiento energético,2006,..
03,"Asturias, Principado de",Incineración o aprovechamiento energético,2005,..
03,"Asturias, Principado de",Incineración o aprovechamiento energético,2004,..
03,"Asturias, Principado de",Incineración o aprovechamiento energético,2003,..
03,"Asturias, Principado de",Incineración o aprovechamiento energético,2002,..
03,"Asturias, Principado de",Incineración o aprovechamiento energético,2001,..
03,"Asturias, Principado de",Incineración o aprovechamiento energético,2000,..
03,"Asturias, Principado de",Vertedero,2022,"49,6"
03,"Asturias, Principado de",Vertedero,2020,"78,1"
03,"Asturias, Principado de",Vertedero,2018,"55,0"
03,"Asturias, Principado de",Vertedero,2016,"100,0"
03,"Asturias, Principado de",Vertedero,2014,"32,0"
03,"Asturias, Principado de",Vertedero,2013,"100,0"
03,"Asturias, Principado de",Vertedero,2012,"100,0"
03,"Asturias, Principado de",Vertedero,2011,..
03,"Asturias, Principado de",Vertedero,2010,..
03,"Asturias, Principado de",Vertedero,2009,..
03,"Asturias, Principado de",Vertedero,2008,..
03,"Asturias, Principado de",Vertedero,2007,..
03,"Asturias, Principado de",Vertedero,2006,..
03,"Asturias, Principado de",Vertedero,2005,..
03,"Asturias, Principado de",Vertedero,2004,..
03,"Asturias, Principado de",Vertedero,2003,..
03,"Asturias, Principado de",Vertedero,2002,..
03,"Asturias, Principado de",Vertedero,2001,..
03,"Asturias, Principado de",Vertedero,2000,..
04,"Balears, Illes","Agricultura, silvicultura y jardinería",2022,"36,6"
04,"Balears, Illes","Agricultura, silvicultura y jardinería",2020,"45,0"
04,"Balears, Illes","Agricultura, silvicultura y jardinería",2018,"60,5"
04,"Balears, Illes","Agricultura, silvicultura y jardinería",2016,"61,4"
04,"Balears, Illes","Agricultura, silvicultura y jardinería",2014,"27,6"
04,"Balears, Illes","Agricultura, silvicultura y jardinería",2013,"38,5"
04,"Balears, Illes","Agricultura, silvicultura y jardinería",2012,"71,0"
04,"Balears, Illes","Agricultura, silvicultura y jardinería",2011,..
04,"Balears, Illes","Agricultura, silvicultura y jardinería",2010,..
04,"Balears, Illes","Agricultura, silvicultura y jardinería",2009,..
04,"Balears, Illes","Agricultura, silvicultura y jardinería",2008,..
04,"Balears, Illes","Agricultura, silvicultura y jardinería",2007,..
04,"Balears, Illes","Agricultura, silvicultura y jardinería",2006,..
04,"Balears, Illes","Agricultura, silvicultura y jardinería",2005,..
04,"Balears, Illes","Agricultura, silvicultura y jardinería",2004,..
04,"Balears, Illes","Agricultura, silvicultura y jardinería",2003,..
04,"Balears, Illes","Agricultura, silvicultura y jardinería",2002,..
04,"Balears, Illes","Agricultura, silvicultura y jardinería",2001,..
04,"Balears, Illes","Agricultura, silvicultura y jardinería",2000,..
04,"Balears, Illes",Incineración o aprovechamiento energético,2022,"9,5"
04,"Balears, Illes",Incineración o aprovechamiento energético,2020,"52,1"
04,"Balears, Illes",Incineración o aprovechamiento energético,2018,"39,5"
04,"Balears, Illes",Incineración o aprovechamiento energético,2016,"38,6"
04,"Balears, Illes",Incineración o aprovechamiento energético,2014,"71,4"
04,"Balears, Illes",Incineración o aprovechamiento energético,2013,"61,5"
04,"Balears, Illes",Incineración o aprovechamiento energético,2012,"25,9"
04,"Balears, Illes",Incineración o aprovechamiento energético,2011,..
04,"Balears, Illes",Incineración o aprovechamiento energético,2010,..
04,"Balears, Illes",Incineración o aprovechamiento energético,2009,..
04,"Balears, Illes",Incineración o aprovechamiento energético,2008,..
04,"Balears, Illes",Incineración o aprovechamiento energético,2007,..
04,"Balears, Illes",Incineración o aprovechamiento energético,2006,..
04,"Balears, Illes",Incineración o aprovechamiento energético,2005,..
04,"Balears, Illes",Incineración o aprovechamiento energético,2004,..
04,"Balears, Illes",Incineración o aprovechamiento energético,2003,..
04,"Balears, Illes",Incineración o aprovechamiento energético,2002,..
04,"Balears, Illes",Incineración o aprovechamiento energético,2001,..
04,"Balears, Illes",Incineración o aprovechamiento energético,2000,..
04,"Balears, Illes",Vertedero,2022,"52,5"
04,"Balears, Illes",Vertedero,2020,"2,9"
04,"Balears, Illes",Vertedero,2018,"0,0"
04,"Balears, Illes",Vertedero,2016,"0,0"
04,"Balears, Illes",Vertedero,2014,"1,0"
04,"Balears, Illes",Vertedero,2013,"0,0"
04,"Balears, Illes",Vertedero,2012,"3,1"
04,"Balears, Illes",Vertedero,2011,..
04,"Balears, Illes",Vertedero,2010,..
04,"Balears, Illes",Vertedero,2009,..
04,"Balears, Illes",Vertedero,2008,..
04,"Balears, Illes",Vertedero,2007,..
04,"Balears, Illes",Vertedero,2006,..
04,"Balears, Illes",Vertedero,2005,..
04,"Balears, Illes",Vertedero,2004,..
04,"Balears, Illes",Vertedero,2003,..
04,"Balears, Illes",Vertedero,2002,..
04,"Balears, Illes",Vertedero,2001,..
04,"Balears, Illes",Vertedero,2000,..
05,Canarias,"Agricultura, silvicultura y jardinería",2022,"0,0"
05,Canarias,"Agricultura, silvicultura y jardinería",2020,"0,0"
05,Canarias,"Agricultura, silvicultura y jardinería",2018,"0,0"
05,Canarias,"Agricultura, silvicultura y jardinería",2016,"0,0"
05,Canarias,"Agricultura, silvicultura y jardinería",2014,"0,0"
05,Canarias,"Agricultura, silvicultura y jardinería",2013,"0,0"
05,Canarias,"Agricultura, silvicultura y jardinería",2012,"0,0"
05,Canarias,"Agricultura, silvicultura y jardinería",2011,..
05,Canarias,"Agricultura, silvicultura y jardinería",2010,..
05,Canarias,"Agricultura, silvicultura y jardinería",2009,..
05,Canarias,"Agricultura, silvicultura y jardinería",2008,..
05,Canarias,"Agricultura, silvicultura y jardinería",2007,..
05,Canarias,"Agricultura, silvicultura y jardinería",2006,..
05,Canarias,"Agricultura, silvicultura y jardinería",2005,..
05,Canarias,"Agricultura, silvicultura y jardinería",2004,..
05,Canarias,"Agricultura, silvicultura y jardinería",2003,..
05,Canarias,"Agricultura, silvicultura y jardinería",2002,..
05,Canarias,"Agricultura, silvicultura y jardinería",2001,..
05,Canarias,"Agricultura, silvicultura y jardinería",2000,..
05,Canarias,Incineración o aprovechamiento energético,2022,"54,3"
05,Canarias,Incineración o aprovechamiento energético,2020,"52,7"
05,Canarias,Incineración o aprovechamiento energético,2018,"11,3"
05,Canarias,Incineración o aprovechamiento energético,2016,"9,6"
05,Canarias,Incineración o aprovechamiento energético,2014,"13,8"
05,Canarias,Incineración o aprovechamiento energético,2013,"0,0"
05,Canarias,Incineración o aprovechamiento energético,2012,"0,0"
05,Canarias,Incineración o aprovechamiento energético,2011,..
05,Canarias,Incineración o aprovechamiento energético,2010,..
05,Canarias,Incineración o aprovechamiento energético,2009,..
05,Canarias,Incineración o aprovechamiento energético,2008,..
05,Canarias,Incineración o aprovechamiento energético,2007,..
05,Canarias,Incineración o aprovechamiento energético,2006,..
05,Canarias,Incineración o aprovechamiento energético,2005,..
05,Canarias,Incineración o aprovechamiento energético,2004,..
05,Canarias,Incineración o aprovechamiento energético,2003,..
05,Canarias,Incineración o aprovechamiento energético,2002,..
05,Canarias,Incineración o aprovechamiento energético,2001,..
05,Canarias,Incineración o aprovechamiento energético,2000,..
05,Canarias,Vertedero,2022,"45,7"
05,Canarias,Vertedero,2020,"47,3"
05,Canarias,Vertedero,2018,"88,7"
05,Canarias,Vertedero,2016,"90,4"
05,Canarias,Vertedero,2014,"86,2"
05,Canarias,Vertedero,2013,"100,0"
05,Canarias,Vertedero,2012,"100,0"
05,Canarias,Vertedero,2011,..
05,Canarias,Vertedero,2010,..
05,Canarias,Vertedero,2009,..
05,Canarias,Vertedero,2008,..
05,Canarias,Vertedero,2007,..
05,Canarias,Vertedero,2006,..
05,Canarias,Vertedero,2005,..
05,Canarias,Vertedero,2004,..
05,Canarias,Vertedero,2003,..
05,Canarias,Vertedero,2002,..
05,Canarias,Vertedero,2001,..
05,Canarias,Vertedero,2000,..
06,Cantabria,"Agricultura, silvicultura y jardinería",2022,"98,0"
06,Cantabria,"Agricultura, silvicultura y jardinería",2020,"94,6"
06,Cantabria,"Agricultura, silvicultura y jardinería",2018,"92,5"
06,Cantabria,"Agricultura, silvicultura y jardinería",2016,"85,2"
06,Cantabria,"Agricultura, silvicultura y jardinería",2014,"68,4"
06,Cantabria,"Agricultura, silvicultura y jardinería",2013,"1,6"
06,Cantabria,"Agricultura, silvicultura y jardinería",2012,"0,9"
06,Cantabria,"Agricultura, silvicultura y jardinería",2011,..
06,Cantabria,"Agricultura, silvicultura y jardinería",2010,..
06,Cantabria,"Agricultura, silvicultura y jardinería",2009,..
06,Cantabria,"Agricultura, silvicultura y jardinería",2008,..
06,Cantabria,"Agricultura, silvicultura y jardinería",2007,..
06,Cantabria,"Agricultura, silvicultura y jardinería",2006,..
06,Cantabria,"Agricultura, silvicultura y jardinería",2005,..
06,Cantabria,"Agricultura, silvicultura y jardinería",2004,..
06,Cantabria,"Agricultura, silvicultura y jardinería",2003,..
06,Cantabria,"Agricultura, silvicultura y jardinería",2002,..
06,Cantabria,"Agricultura, silvicultura y jardinería",2001,..
06,Cantabria,"Agricultura, silvicultura y jardinería",2000,..
06,Cantabria,Incineración o aprovechamiento energético,2022,"0,0"
06,Cantabria,Incineración o aprovechamiento energético,2020,"0,0"
06,Cantabria,Incineración o aprovechamiento energético,2018,"0,0"
06,Cantabria,Incineración o aprovechamiento energético,2016,"0,0"
06,Cantabria,Incineración o aprovechamiento energético,2014,"0,0"
06,Cantabria,Incineración o aprovechamiento energético,2013,"78,2"
06,Cantabria,Incineración o aprovechamiento energético,2012,"98,2"
06,Cantabria,Incineración o aprovechamiento energético,2011,..
06,Cantabria,Incineración o aprovechamiento energético,2010,..
06,Cantabria,Incineración o aprovechamiento energético,2009,..
06,Cantabria,Incineración o aprovechamiento energético,2008,..
06,Cantabria,Incineración o aprovechamiento energético,2007,..
06,Cantabria,Incineración o aprovechamiento energético,2006,..
06,Cantabria,Incineración o aprovechamiento energético,2005,..
06,Cantabria,Incineración o aprovechamiento energético,2004,..
06,Cantabria,Incineración o aprovechamiento energético,2003,..
06,Cantabria,Incineración o aprovechamiento energético,2002,..
06,Cantabria,Incineración o aprovechamiento energético,2001,..
06,Cantabria,Incineración o aprovechamiento energético,2000,..
06,Cantabria,Vertedero,2022,"2,0"
06,Cantabria,Vertedero,2020,"5,4"
06,Cantabria,Vertedero,2018,"7,5"
06,Cantabria,Vertedero,2016,"14,8"
06,Cantabria,Vertedero,2014,"31,6"
06,Cantabria,Vertedero,2013,"20,2"
06,Cantabria,Vertedero,2012,"0,9"
06,Cantabria,Vertedero,2011,..
06,Cantabria,Vertedero,2010,..
06,Cantabria,Vertedero,2009,..
06,Cantabria,Vertedero,2008,..
06,Cantabria,Vertedero,2007,..
06,Cantabria,Vertedero,2006,..
06,Cantabria,Vertedero,2005,..
06,Cantabria,Vertedero,2004,..
06,Cantabria,Vertedero,2003,..
06,Cantabria,Vertedero,2002,..
06,Cantabria,Vertedero,2001,..
06,Cantabria,Vertedero,2000,..
07,Castilla y León,"Agricultura, silvicultura y jardinería",2022,"97,4"
07,Castilla y León,"Agricultura, silvicultura y jardinería",2020,"99,3"
07,Castilla y León,"Agricultura, silvicultura y jardinería",2018,"94,8"
07,Castilla y León,"Agricultura, silvicultura y jardinería",2016,"81,8"
07,Castilla y León,"Agricultura, silvicultura y jardinería",2014,"90,7"
07,Castilla y León,"Agricultura, silvicultura y jardinería",2013,"95,6"
07,Castilla y León,"Agricultura, silvicultura y jardinería",2012,"94,8"
07,Castilla y León,"Agricultura, silvicultura y jardinería",2011,..
07,Castilla y León,"Agricultura, silvicultura y jardinería",2010,..
07,Castilla y León,"Agricultura, silvicultura y jardinería",2009,..
07,Castilla y León,"Agricultura, silvicultura y jardinería",2008,..
07,Castilla y León,"Agricultura, silvicultura y jardinería",2007,..
07,Castilla y León,"Agricultura, silvicultura y jardinería",2006,..
07,Castilla y León,"Agricultura, silvicultura y jardinería",2005,..
07,Castilla y León,"Agricultura, silvicultura y jardinería",2004,..
07,Castilla y León,"Agricultura, silvicultura y jardinería",2003,..
07,Castilla y León,"Agricultura, silvicultura y jardinería",2002,..
07,Castilla y León,"Agricultura, silvicultura y jardinería",2001,..
07,Castilla y León,"Agricultura, silvicultura y jardinería",2000,..
07,Castilla y León,Incineración o aprovechamiento energético,2022,"0,6"
07,Castilla y León,Incineración o aprovechamiento energético,2020,"0,0"
07,Castilla y León,Incineración o aprovechamiento energético,2018,"0,0"
07,Castilla y León,Incineración o aprovechamiento energético,2016,"0,0"
07,Castilla y León,Incineración o aprovechamiento energético,2014,"0,0"
07,Castilla y León,Incineración o aprovechamiento energético,2013,"0,0"
07,Castilla y León,Incineración o aprovechamiento energético,2012,"0,2"
07,Castilla y León,Incineración o aprovechamiento energético,2011,..
07,Castilla y León,Incineración o aprovechamiento energético,2010,..
07,Castilla y León,Incineración o aprovechamiento energético,2009,..
07,Castilla y León,Incineración o aprovechamiento energético,2008,..
07,Castilla y León,Incineración o aprovechamiento energético,2007,..
07,Castilla y León,Incineración o aprovechamiento energético,2006,..
07,Castilla y León,Incineración o aprovechamiento energético,2005,..
07,Castilla y León,Incineración o aprovechamiento energético,2004,..
07,Castilla y León,Incineración o aprovechamiento energético,2003,..
07,Castilla y León,Incineración o aprovechamiento energético,2002,..
07,Castilla y León,Incineración o aprovechamiento energético,2001,..
07,Castilla y León,Incineración o aprovechamiento energético,2000,..
07,Castilla y León,Vertedero,2022,"2,0"
07,Castilla y León,Vertedero,2020,"0,7"
07,Castilla y León,Vertedero,2018,"5,2"
07,Castilla y León,Vertedero,2016,"18,2"
07,Castilla y León,Vertedero,2014,"9,3"
07,Castilla y León,Vertedero,2013,"4,4"
07,Castilla y León,Vertedero,2012,"5,0"
07,Castilla y León,Vertedero,2011,..
07,Castilla y León,Vertedero,2010,..
07,Castilla y León,Vertedero,2009,..
07,Castilla y León,Vertedero,2008,..
07,Castilla y León,Vertedero,2007,..
07,Castilla y León,Vertedero,2006,..
07,Castilla y León,Vertedero,2005,..
07,Castilla y León,Vertedero,2004,..
07,Castilla y León,Vertedero,2003,..
07,Castilla y León,Vertedero,2002,..
07,Castilla y León,Vertedero,2001,..
07,Castilla y León,Vertedero,2000,..
08,Castilla - La Mancha,"Agricultura, silvicultura y jardinería",2022,"99,4"
08,Castilla - La Mancha,"Agricultura, silvicultura y jardinería",2020,"100,0"
08,Castilla - La Mancha,"Agricultura, silvicultura y jardinería",2018,"88,2"
08,Castilla - La Mancha,"Agricultura, silvicultura y jardinería",2016,"68,2"
08,Castilla - La Mancha,"Agricultura, silvicultura y jardinería",2014,"65,7"
08,Castilla - La Mancha,"Agricultura, silvicultura y jardinería",2013,"73,1"
08,Castilla - La Mancha,"Agricultura, silvicultura y jardinería",2012,"87,8"
08,Castilla - La Mancha,"Agricultura, silvicultura y jardinería",2011,..
08,Castilla - La Mancha,"Agricultura, silvicultura y jardinería",2010,..
08,Castilla - La Mancha,"Agricultura, silvicultura y jardinería",2009,..
08,Castilla - La Mancha,"Agricultura, silvicultura y jardinería",2008,..
08,Castilla - La Mancha,"Agricultura, silvicultura y jardinería",2007,..
08,Castilla - La Mancha,"Agricultura, silvicultura y jardinería",2006,..
08,Castilla - La Mancha,"Agricultura, silvicultura y jardinería",2005,..
08,Castilla - La Mancha,"Agricultura, silvicultura y jardinería",2004,..
08,Castilla - La Mancha,"Agricultura, silvicultura y jardinería",2003,..
08,Castilla - La Mancha,"Agricultura, silvicultura y jardinería",2002,..
08,Castilla - La Mancha,"Agricultura, silvicultura y jardinería",2001,..
08,Castilla - La Mancha,"Agricultura, silvicultura y jardinería",2000,..
08,Castilla - La Mancha,Incineración o aprovechamiento energético,2022,"0,0"
08,Castilla - La Mancha,Incineración o aprovechamiento energético,2020,"0,0"
08,Castilla - La Mancha,Incineración o aprovechamiento energético,2018,"0,0"
08,Castilla - La Mancha,Incineración o aprovechamiento energético,2016,"0,0"
08,Castilla - La Mancha,Incineración o aprovechamiento energético,2014,"0,0"
08,Castilla - La Mancha,Incineración o aprovechamiento energético,2013,"0,0"
08,Castilla - La Mancha,Incineración o aprovechamiento energético,2012,"0,0"
08,Castilla - La Mancha,Incineración o aprovechamiento energético,2011,..
08,Castilla - La Mancha,Incineración o aprovechamiento energético,2010,..
08,Castilla - La Mancha,Incineración o aprovechamiento energético,2009,..
08,Castilla - La Mancha,Incineración o aprovechamiento energético,2008,..
08,Castilla - La Mancha,Incineración o aprovechamiento energético,2007,..
08,Castilla - La Mancha,Incineración o aprovechamiento energético,2006,..
08,Castilla - La Mancha,Incineración o aprovechamiento energético,2005,..
08,Castilla - La Mancha,Incineración o aprovechamiento energético,2004,..
08,Castilla - La Mancha,Incineración o aprovechamiento energético,2003,..
08,Castilla - La Mancha,Incineración o aprovechamiento energético,2002,..
08,Castilla - La Mancha,Incineración o aprovechamiento energético,2001,..
08,Castilla - La Mancha,Incineración o aprovechamiento energético,2000,..
08,Castilla - La Mancha,Vertedero,2022,"0,6"
08,Castilla - La Mancha,Vertedero,2020,"0,0"
08,Castilla - La Mancha,Vertedero,2018,"11,8"
08,Castilla - La Mancha,Vertedero,2016,"31,8"
08,Castilla - La Mancha,Vertedero,2014,"34,3"
08,Castilla - La Mancha,Vertedero,2013,"26,9"
08,Castilla - La Mancha,Vertedero,2012,"12,2"
08,Castilla - La Mancha,Vertedero,2011,..
08,Castilla - La Mancha,Vertedero,2010,..
08,Castilla - La Mancha,Vertedero,2009,..
08,Castilla - La Mancha,Vertedero,2008,..
08,Castilla - La Mancha,Vertedero,2007,..
08,Castilla - La Mancha,Vertedero,2006,..
08,Castilla - La Mancha,Vertedero,2005,..
08,Castilla - La Mancha,Vertedero,2004,..
08,Castilla - La Mancha,Vertedero,2003,..
08,Castilla - La Mancha,Vertedero,2002,..
08,Castilla - La Mancha,Vertedero,2001,..
08,Castilla - La Mancha,Vertedero,2000,..
09,Cataluña,"Agricultura, silvicultura y jardinería",2022,"90,7"
09,Cataluña,"Agricultura, silvicultura y jardinería",2020,"96,2"
09,Cataluña,"Agricultura, silvicultura y jardinería",2018,"95,8"
09,Cataluña,"Agricultura, silvicultura y jardinería",2016,"87,2"
09,Cataluña,"Agricultura, silvicultura y jardinería",2014,"85,4"
09,Cataluña,"Agricultura, silvicultura y jardinería",2013,"75,2"
09,Cataluña,"Agricultura, silvicultura y jardinería",2012,"65,6"
09,Cataluña,"Agricultura, silvicultura y jardinería",2011,..
09,Cataluña,"Agricultura, silvicultura y jardinería",2010,..
09,Cataluña,"Agricultura, silvicultura y jardinería",2009,..
09,Cataluña,"Agricultura, silvicultura y jardinería",2008,..
09,Cataluña,"Agricultura, silvicultura y jardinería",2007,..
09,Cataluña,"Agricultura, silvicultura y jardinería",2006,..
09,Cataluña,"Agricultura, silvicultura y jardinería",2005,..
09,Cataluña,"Agricultura, silvicultura y jardinería",2004,..
09,Cataluña,"Agricultura, silvicultura y jardinería",2003,..
09,Cataluña,"Agricultura, silvicultura y jardinería",2002,..
09,Cataluña,"Agricultura, silvicultura y jardinería",2001,..
09,Cataluña,"Agricultura, silvicultura y jardinería",2000,..
09,Cataluña,Incineración o aprovechamiento energético,2022,"3,0"
09,Cataluña,Incineración o aprovechamiento energético,2020,"2,3"
09,Cataluña,Incineración o aprovechamiento energético,2018,"2,0"
09,Cataluña,Incineración o aprovechamiento energético,2016,"7,3"
09,Cataluña,Incineración o aprovechamiento energético,2014,"7,7"
09,Cataluña,Incineración o aprovechamiento energético,2013,"17,5"
09,Cataluña,Incineración o aprovechamiento energético,2012,"27,7"
09,Cataluña,Incineración o aprovechamiento energético,2011,..
09,Cataluña,Incineración o aprovechamiento energético,2010,..
09,Cataluña,Incineración o aprovechamiento energético,2009,..
09,Cataluña,Incineración o aprovechamiento energético,2008,..
09,Cataluña,Incineración o aprovechamiento energético,2007,..
09,Cataluña,Incineración o aprovechamiento energético,2006,..
09,Cataluña,Incineración o aprovechamiento energético,2005,..
09,Cataluña,Incineración o aprovechamiento energético,2004,..
09,Cataluña,Incineración o aprovechamiento energético,2003,..
09,Cataluña,Incineración o aprovechamiento energético,2002,..
09,Cataluña,Incineración o aprovechamiento energético,2001,..
09,Cataluña,Incineración o aprovechamiento energético,2000,..
09,Cataluña,Vertedero,2022,"6,3"
09,Cataluña,Vertedero,2020,"1,5"
09,Cataluña,Vertedero,2018,"2,2"
09,Cataluña,Vertedero,2016,"5,5"
09,Cataluña,Vertedero,2014,"6,9"
09,Cataluña,Vertedero,2013,"7,3"
09,Cataluña,Vertedero,2012,"6,7"
09,Cataluña,Vertedero,2011,..
09,Cataluña,Vertedero,2010,..
09,Cataluña,Vertedero,2009,..
09,Cataluña,Vertedero,2008,..
09,Cataluña,Vertedero,2007,..
09,Cataluña,Vertedero,2006,..
09,Cataluña,Vertedero,2005,..
09,Cataluña,Vertedero,2004,..
09,Cataluña,Vertedero,2003,..
09,Cataluña,Vertedero,2002,..
09,Cataluña,Vertedero,2001,..
09,Cataluña,Vertedero,2000,..
10,Comunitat Valenciana,"Agricultura, silvicultura y jardinería",2022,"93,7"
10,Comunitat Valenciana,"Agricultura, silvicultura y jardinería",2020,"91,0"
10,Comunitat Valenciana,"Agricultura, silvicultura y jardinería",2018,"88,7"
10,Comunitat Valenciana,"Agricultura, silvicultura y jardinería",2016,"89,1"
10,Comunitat Valenciana,"Agricultura, silvicultura y jardinería",2014,"89,7"
10,Comunitat Valenciana,"Agricultura, silvicultura y jardinería",2013,"91,8"
10,Comunitat Valenciana,"Agricultura, silvicultura y jardinería",2012,"74,7"
10,Comunitat Valenciana,"Agricultura, silvicultura y jardinería",2011,..
10,Comunitat Valenciana,"Agricultura, silvicultura y jardinería",2010,..
10,Comunitat Valenciana,"Agricultura, silvicultura y jardinería",2009,..
10,Comunitat Valenciana,"Agricultura, silvicultura y jardinería",2008,..
10,Comunitat Valenciana,"Agricultura, silvicultura y jardinería",2007,..
10,Comunitat Valenciana,"Agricultura, silvicultura y jardinería",2006,..
10,Comunitat Valenciana,"Agricultura, silvicultura y jardinería",2005,..
10,Comunitat Valenciana,"Agricultura, silvicultura y jardinería",2004,..
10,Comunitat Valenciana,"Agricultura, silvicultura y jardinería",2003,..
10,Comunitat Valenciana,"Agricultura, silvicultura y jardinería",2002,..
10,Comunitat Valenciana,"Agricultura, silvicultura y jardinería",2001,..
10,Comunitat Valenciana,"Agricultura, silvicultura y jardinería",2000,..
10,Comunitat Valenciana,Incineración o aprovechamiento energético,2022,"6,3"
10,Comunitat Valenciana,Incineración o aprovechamiento energético,2020,"9,0"
10,Comunitat Valenciana,Incineración o aprovechamiento energético,2018,"9,8"
10,Comunitat Valenciana,Incineración o aprovechamiento energético,2016,"10,8"
10,Comunitat Valenciana,Incineración o aprovechamiento energético,2014,"10,2"
10,Comunitat Valenciana,Incineración o aprovechamiento energético,2013,"8,2"
10,Comunitat Valenciana,Incineración o aprovechamiento energético,2012,"4,2"
10,Comunitat Valenciana,Incineración o aprovechamiento energético,2011,..
10,Comunitat Valenciana,Incineración o aprovechamiento energético,2010,..
10,Comunitat Valenciana,Incineración o aprovechamiento energético,2009,..
10,Comunitat Valenciana,Incineración o aprovechamiento energético,2008,..
10,Comunitat Valenciana,Incineración o aprovechamiento energético,2007,..
10,Comunitat Valenciana,Incineración o aprovechamiento energético,2006,..
10,Comunitat Valenciana,Incineración o aprovechamiento energético,2005,..
10,Comunitat Valenciana,Incineración o aprovechamiento energético,2004,..
10,Comunitat Valenciana,Incineración o aprovechamiento energético,2003,..
10,Comunitat Valenciana,Incineración o aprovechamiento energético,2002,..
10,Comunitat Valenciana,Incineración o aprovechamiento energético,2001,..
10,Comunitat Valenciana,Incineración o aprovechamiento energético,2000,..
10,Comunitat Valenciana,Vertedero,2022,"0,0"
10,Comunitat Valenciana,Vertedero,2020,"0,0"
10,Comunitat Valenciana,Vertedero,2018,"1,5"
10,Comunitat Valenciana,Vertedero,2016,"0,1"
10,Comunitat Valenciana,Vertedero,2014,"0,1"
10,Comunitat Valenciana,Vertedero,2013,"0,0"
10,Comunitat Valenciana,Vertedero,2012,"21,1"
10,Comunitat Valenciana,Vertedero,2011,..
10,Comunitat Valenciana,Vertedero,2010,..
10,Comunitat Valenciana,Vertedero,2009,..
10,Comunitat Valenciana,Vertedero,2008,..
10,Comunitat Valenciana,Vertedero,2007,..
10,Comunitat Valenciana,Vertedero,2006,..
10,Comunitat Valenciana,Vertedero,2005,..
10,Comunitat Valenciana,Vertedero,2004,..
10,Comunitat Valenciana,Vertedero,2003,..
10,Comunitat Valenciana,Vertedero,2002,..
10,Comunitat Valenciana,Vertedero,2001,..
10,Comunitat Valenciana,Vertedero,2000,..
11,Extremadura,"Agricultura, silvicultura y jardinería",2022,"99,9"
11,Extremadura,"Agricultura, silvicultura y jardinería",2020,"100,0"
11,Extremadura,"Agricultura, silvicultura y jardinería",2018,"99,9"
11,Extremadura,"Agricultura, silvicultura y jardinería",2016,"97,4"
11,Extremadura,"Agricultura, silvicultura y jardinería",2014,"83,1"
11,Extremadura,"Agricultura, silvicultura y jardinería",2013,"75,6"
11,Extremadura,"Agricultura, silvicultura y jardinería",2012,"72,4"
11,Extremadura,"Agricultura, silvicultura y jardinería",2011,..
11,Extremadura,"Agricultura, silvicultura y jardinería",2010,..
11,Extremadura,"Agricultura, silvicultura y jardinería",2009,..
11,Extremadura,"Agricultura, silvicultura y jardinería",2008,..
11,Extremadura,"Agricultura, silvicultura y jardinería",2007,..
11,Extremadura,"Agricultura, silvicultura y jardinería",2006,..
11,Extremadura,"Agricultura, silvicultura y jardinería",2005,..
11,Extremadura,"Agricultura, silvicultura y jardinería",2004,..
11,Extremadura,"Agricultura, silvicultura y jardinería",2003,..
11,Extremadura,"Agricultura, silvicultura y jardinería",2002,..
11,Extremadura,"Agricultura, silvicultura y jardinería",2001,..
11,Extremadura,"Agricultura, silvicultura y jardinería",2000,..
11,Extremadura,Incineración o aprovechamiento energético,2022,"0,0"
11,Extremadura,Incineración o aprovechamiento energético,2020,"0,0"
11,Extremadura,Incineración o aprovechamiento energético,2018,"0,0"
11,Extremadura,Incineración o aprovechamiento energético,2016,"0,0"
11,Extremadura,Incineración o aprovechamiento energético,2014,"0,0"
11,Extremadura,Incineración o aprovechamiento energético,2013,"0,0"
11,Extremadura,Incineración o aprovechamiento energético,2012,"0,0"
11,Extremadura,Incineración o aprovechamiento energético,2011,..
11,Extremadura,Incineración o aprovechamiento energético,2010,..
11,Extremadura,Incineración o aprovechamiento energético,2009,..
11,Extremadura,Incineración o aprovechamiento energético,2008,..
11,Extremadura,Incineración o aprovechamiento energético,2007,..
11,Extremadura,Incineración o aprovechamiento energético,2006,..
11,Extremadura,Incineración o aprovechamiento energético,2005,..
11,Extremadura,Incineración o aprovechamiento energético,2004,..
11,Extremadura,Incineración o aprovechamiento energético,2003,..
11,Extremadura,Incineración o aprovechamiento energético,2002,..
11,Extremadura,Incineración o aprovechamiento energético,2001,..
11,Extremadura,Incineración o aprovechamiento energético,2000,..
11,Extremadura,Vertedero,2022,"0,1"
11,Extremadura,Vertedero,2020,"0,0"
11,Extremadura,Vertedero,2018,"0,1"
11,Extremadura,Vertedero,2016,"2,6"
11,Extremadura,Vertedero,2014,"16,9"
11,Extremadura,Vertedero,2013,"24,4"
11,Extremadura,Vertedero,2012,"27,6"
11,Extremadura,Vertedero,2011,..
11,Extremadura,Vertedero,2010,..
11,Extremadura,Vertedero,2009,..
11,Extremadura,Vertedero,2008,..
11,Extremadura,Vertedero,2007,..
11,Extremadura,Vertedero,2006,..
11,Extremadura,Vertedero,2005,..
11,Extremadura,Vertedero,2004,..
11,Extremadura,Vertedero,2003,..
11,Extremadura,Vertedero,2002,..
11,Extremadura,Vertedero,2001,..
11,Extremadura,Vertedero,2000,..
12,Galicia,"Agricultura, silvicultura y jardinería",2022,"84,4"
12,Galicia,"Agricultura, silvicultura y jardinería",2020,"84,4"
12,Galicia,"Agricultura, silvicultura y jardinería",2018,"48,2"
12,Galicia,"Agricultura, silvicultura y jardinería",2016,"44,3"
12,Galicia,"Agricultura, silvicultura y jardinería",2014,"59,8"
12,Galicia,"Agricultura, silvicultura y jardinería",2013,"47,4"
12,Galicia,"Agricultura, silvicultura y jardinería",2012,"90,7"
12,Galicia,"Agricultura, silvicultura y jardinería",2011,..
12,Galicia,"Agricultura, silvicultura y jardinería",2010,..
12,Galicia,"Agricultura, silvicultura y jardinería",2009,..
12,Galicia,"Agricultura, silvicultura y jardinería",2008,..
12,Galicia,"Agricultura, silvicultura y jardinería",2007,..
12,Galicia,"Agricultura, silvicultura y jardinería",2006,..
12,Galicia,"Agricultura, silvicultura y jardinería",2005,..
12,Galicia,"Agricultura, silvicultura y jardinería",2004,..
12,Galicia,"Agricultura, silvicultura y jardinería",2003,..
12,Galicia,"Agricultura, silvicultura y jardinería",2002,..
12,Galicia,"Agricultura, silvicultura y jardinería",2001,..
12,Galicia,"Agricultura, silvicultura y jardinería",2000,..
12,Galicia,Incineración o aprovechamiento energético,2022,"0,0"
12,Galicia,Incineración o aprovechamiento energético,2020,"0,0"
12,Galicia,Incineración o aprovechamiento energético,2018,"2,6"
12,Galicia,Incineración o aprovechamiento energético,2016,"0,0"
12,Galicia,Incineración o aprovechamiento energético,2014,"0,0"
12,Galicia,Incineración o aprovechamiento energético,2013,"0,0"
12,Galicia,Incineración o aprovechamiento energético,2012,"0,0"
12,Galicia,Incineración o aprovechamiento energético,2011,..
12,Galicia,Incineración o aprovechamiento energético,2010,..
12,Galicia,Incineración o aprovechamiento energético,2009,..
12,Galicia,Incineración o aprovechamiento energético,2008,..
12,Galicia,Incineración o aprovechamiento energético,2007,..
12,Galicia,Incineración o aprovechamiento energético,2006,..
12,Galicia,Incineración o aprovechamiento energético,2005,..
12,Galicia,Incineración o aprovechamiento energético,2004,..
12,Galicia,Incineración o aprovechamiento energético,2003,..
12,Galicia,Incineración o aprovechamiento energético,2002,..
12,Galicia,Incineración o aprovechamiento energético,2001,..
12,Galicia,Incineración o aprovechamiento energético,2000,..
12,Galicia,Vertedero,2022,"15,6"
12,Galicia,Vertedero,2020,"15,6"
12,Galicia,Vertedero,2018,"49,2"
12,Galicia,Vertedero,2016,"55,7"
12,Galicia,Vertedero,2014,"40,2"
12,Galicia,Vertedero,2013,"52,6"
12,Galicia,Vertedero,2012,"9,3"
12,Galicia,Vertedero,2011,..
12,Galicia,Vertedero,2010,..
12,Galicia,Vertedero,2009,..
12,Galicia,Vertedero,2008,..
12,Galicia,Vertedero,2007,..
12,Galicia,Vertedero,2006,..
12,Galicia,Vertedero,2005,..
12,Galicia,Vertedero,2004,..
12,Galicia,Vertedero,2003,..
12,Galicia,Vertedero,2002,..
12,Galicia,Vertedero,2001,..
12,Galicia,Vertedero,2000,..
13,"Madrid, Comunidad de","Agricultura, silvicultura y jardinería",2022,"96,7"
13,"Madrid, Comunidad de","Agricultura, silvicultura y jardinería",2020,"90,9"
13,"Madrid, Comunidad de","Agricultura, silvicultura y jardinería",2018,"97,1"
13,"Madrid, Comunidad de","Agricultura, silvicultura y jardinería",2016,"95,4"
13,"Madrid, Comunidad de","Agricultura, silvicultura y jardinería",2014,"90,8"
13,"Madrid, Comunidad de","Agricultura, silvicultura y jardinería",2013,"99,7"
13,"Madrid, Comunidad de","Agricultura, silvicultura y jardinería",2012,"97,6"
13,"Madrid, Comunidad de","Agricultura, silvicultura y jardinería",2011,..
13,"Madrid, Comunidad de","Agricultura, silvicultura y jardinería",2010,..
13,"Madrid, Comunidad de","Agricultura, silvicultura y jardinería",2009,..
13,"Madrid, Comunidad de","Agricultura, silvicultura y jardinería",2008,..
13,"Madrid, Comunidad de","Agricultura, silvicultura y jardinería",2007,..
13,"Madrid, Comunidad de","Agricultura, silvicultura y jardinería",2006,..
13,"Madrid, Comunidad de","Agricultura, silvicultura y jardinería",2005,..
13,"Madrid, Comunidad de","Agricultura, silvicultura y jardinería",2004,..
13,"Madrid, Comunidad de","Agricultura, silvicultura y jardinería",2003,..
13,"Madrid, Comunidad de","Agricultura, silvicultura y jardinería",2002,..
13,"Madrid, Comunidad de","Agricultura, silvicultura y jardinería",2001,..
13,"Madrid, Comunidad de","Agricultura, silvicultura y jardinería",2000,..
13,"Madrid, Comunidad de",Incineración o aprovechamiento energético,2022,"3,0"
13,"Madrid, Comunidad de",Incineración o aprovechamiento energético,2020,"9,1"
13,"Madrid, Comunidad de",Incineración o aprovechamiento energético,2018,"2,9"
13,"Madrid, Comunidad de",Incineración o aprovechamiento energético,2016,"2,8"
13,"Madrid, Comunidad de",Incineración o aprovechamiento energético,2014,"6,6"
13,"Madrid, Comunidad de",Incineración o aprovechamiento energético,2013,"0,3"
13,"Madrid, Comunidad de",Incineración o aprovechamiento energético,2012,"2,3"
13,"Madrid, Comunidad de",Incineración o aprovechamiento energético,2011,..
13,"Madrid, Comunidad de",Incineración o aprovechamiento energético,2010,..
13,"Madrid, Comunidad de",Incineración o aprovechamiento energético,2009,..
13,"Madrid, Comunidad de",Incineración o aprovechamiento energético,2008,..
13,"Madrid, Comunidad de",Incineración o aprovechamiento energético,2007,..
13,"Madrid, Comunidad de",Incineración o aprovechamiento energético,2006,..
13,"Madrid, Comunidad de",Incineración o aprovechamiento energético,2005,..
13,"Madrid, Comunidad de",Incineración o aprovechamiento energético,2004,..
13,"Madrid, Comunidad de",Incineración o aprovechamiento energético,2003,..
13,"Madrid, Comunidad de",Incineración o aprovechamiento energético,2002,..
13,"Madrid, Comunidad de",Incineración o aprovechamiento energético,2001,..
13,"Madrid, Comunidad de",Incineración o aprovechamiento energético,2000,..
13,"Madrid, Comunidad de",Vertedero,2022,"0,3"
13,"Madrid, Comunidad de",Vertedero,2020,"0,0"
13,"Madrid, Comunidad de",Vertedero,2018,"0,0"
13,"Madrid, Comunidad de",Vertedero,2016,"1,8"
13,"Madrid, Comunidad de",Vertedero,2014,"2,6"
13,"Madrid, Comunidad de",Vertedero,2013,"0,0"
13,"Madrid, Comunidad de",Vertedero,2012,"0,1"
13,"Madrid, Comunidad de",Vertedero,2011,..
13,"Madrid, Comunidad de",Vertedero,2010,..
13,"Madrid, Comunidad de",Vertedero,2009,..
13,"Madrid, Comunidad de",Vertedero,2008,..
13,"Madrid, Comunidad de",Vertedero,2007,..
13,"Madrid, Comunidad de",Vertedero,2006,..
13,"Madrid, Comunidad de",Vertedero,2005,..
13,"Madrid, Comunidad de",Vertedero,2004,..
13,"Madrid, Comunidad de",Vertedero,2003,..
13,"Madrid, Comunidad de",Vertedero,2002,..
13,"Madrid, Comunidad de",Vertedero,2001,..
13,"Madrid, Comunidad de",Vertedero,2000,..
14,"Murcia, Región de","Agricultura, silvicultura y jardinería",2022,"99,7"
14,"Murcia, Región de","Agricultura, silvicultura y jardinería",2020,"60,5"
14,"Murcia, Región de","Agricultura, silvicultura y jardinería",2018,"99,5"
14,"Murcia, Región de","Agricultura, silvicultura y jardinería",2016,"93,1"
14,"Murcia, Región de","Agricultura, silvicultura y jardinería",2014,"87,8"
14,"Murcia, Región de","Agricultura, silvicultura y jardinería",2013,"87,9"
14,"Murcia, Región de","Agricultura, silvicultura y jardinería",2012,"92,6"
14,"Murcia, Región de","Agricultura, silvicultura y jardinería",2011,..
14,"Murcia, Región de","Agricultura, silvicultura y jardinería",2010,..
14,"Murcia, Región de","Agricultura, silvicultura y jardinería",2009,..
14,"Murcia, Región de","Agricultura, silvicultura y jardinería",2008,..
14,"Murcia, Región de","Agricultura, silvicultura y jardinería",2007,..
14,"Murcia, Región de","Agricultura, silvicultura y jardinería",2006,..
14,"Murcia, Región de","Agricultura, silvicultura y jardinería",2005,..
14,"Murcia, Región de","Agricultura, silvicultura y jardinería",2004,..
14,"Murcia, Región de","Agricultura, silvicultura y jardinería",2003,..
14,"Murcia, Región de","Agricultura, silvicultura y jardinería",2002,..
14,"Murcia, Región de","Agricultura, silvicultura y jardinería",2001,..
14,"Murcia, Región de","Agricultura, silvicultura y jardinería",2000,..
14,"Murcia, Región de",Incineración o aprovechamiento energético,2022,"0,0"
14,"Murcia, Región de",Incineración o aprovechamiento energético,2020,"32,2"
14,"Murcia, Región de",Incineración o aprovechamiento energético,2018,"0,0"
14,"Murcia, Región de",Incineración o aprovechamiento energético,2016,"0,0"
14,"Murcia, Región de",Incineración o aprovechamiento energético,2014,"0,0"
14,"Murcia, Región de",Incineración o aprovechamiento energético,2013,"0,0"
14,"Murcia, Región de",Incineración o aprovechamiento energético,2012,"0,0"
14,"Murcia, Región de",Incineración o aprovechamiento energético,2011,..
14,"Murcia, Región de",Incineración o aprovechamiento energético,2010,..
14,"Murcia, Región de",Incineración o aprovechamiento energético,2009,..
14,"Murcia, Región de",Incineración o aprovechamiento energético,2008,..
14,"Murcia, Región de",Incineración o aprovechamiento energético,2007,..
14,"Murcia, Región de",Incineración o aprovechamiento energético,2006,..
14,"Murcia, Región de",Incineración o aprovechamiento energético,2005,..
14,"Murcia, Región de",Incineración o aprovechamiento energético,2004,..
14,"Murcia, Región de",Incineración o aprovechamiento energético,2003,..
14,"Murcia, Región de",Incineración o aprovechamiento energético,2002,..
14,"Murcia, Región de",Incineración o aprovechamiento energético,2001,..
14,"Murcia, Región de",Incineración o aprovechamiento energético,2000,..
14,"Murcia, Región de",Vertedero,2022,"0,3"
14,"Murcia, Región de",Vertedero,2020,"7,3"
14,"Murcia, Región de",Vertedero,2018,"0,5"
14,"Murcia, Región de",Vertedero,2016,"6,9"
14,"Murcia, Región de",Vertedero,2014,"12,2"
14,"Murcia, Región de",Vertedero,2013,"12,1"
14,"Murcia, Región de",Vertedero,2012,"7,4"
14,"Murcia, Región de",Vertedero,2011,..
14,"Murcia, Región de",Vertedero,2010,..
14,"Murcia, Región de",Vertedero,2009,..
14,"Murcia, Región de",Vertedero,2008,..
14,"Murcia, Región de",Vertedero,2007,..
14,"Murcia, Región de",Vertedero,2006,..
14,"Murcia, Región de",Vertedero,2005,..
14,"Murcia, Región de",Vertedero,2004,..
14,"Murcia, Región de",Vertedero,2003,..
14,"Murcia, Región de",Vertedero,2002,..
14,"Murcia, Región de",Vertedero,2001,..
14,"Murcia, Región de",Vertedero,2000,..
15,"Navarra, Comunidad Foral de","Agricultura, silvicultura y jardinería",2022,"100,0"
15,"Navarra, Comunidad Foral de","Agricultura, silvicultura y jardinería",2020,"100,0"
15,"Navarra, Comunidad Foral de","Agricultura, silvicultura y jardinería",2018,"100,0"
15,"Navarra, Comunidad Foral de","Agricultura, silvicultura y jardinería",2016,"100,0"
15,"Navarra, Comunidad Foral de","Agricultura, silvicultura y jardinería",2014,"99,1"
15,"Navarra, Comunidad Foral de","Agricultura, silvicultura y jardinería",2013,"99,3"
15,"Navarra, Comunidad Foral de","Agricultura, silvicultura y jardinería",2012,"97,7"
15,"Navarra, Comunidad Foral de","Agricultura, silvicultura y jardinería",2011,..
15,"Navarra, Comunidad Foral de","Agricultura, silvicultura y jardinería",2010,..
15,"Navarra, Comunidad Foral de","Agricultura, silvicultura y jardinería",2009,..
15,"Navarra, Comunidad Foral de","Agricultura, silvicultura y jardinería",2008,..
15,"Navarra, Comunidad Foral de","Agricultura, silvicultura y jardinería",2007,..
15,"Navarra, Comunidad Foral de","Agricultura, silvicultura y jardinería",2006,..
15,"Navarra, Comunidad Foral de","Agricultura, silvicultura y jardinería",2005,..
15,"Navarra, Comunidad Foral de","Agricultura, silvicultura y jardinería",2004,..
15,"Navarra, Comunidad Foral de","Agricultura, silvicultura y jardinería",2003,..
15,"Navarra, Comunidad Foral de","Agricultura, silvicultura y jardinería",2002,..
15,"Navarra, Comunidad Foral de","Agricultura, silvicultura y jardinería",2001,..
15,"Navarra, Comunidad Foral de","Agricultura, silvicultura y jardinería",2000,..
15,"Navarra, Comunidad Foral de",Incineración o aprovechamiento energético,2022,"0,0"
15,"Navarra, Comunidad Foral de",Incineración o aprovechamiento energético,2020,"0,0"
15,"Navarra, Comunidad Foral de",Incineración o aprovechamiento energético,2018,"0,0"
15,"Navarra, Comunidad Foral de",Incineración o aprovechamiento energético,2016,"0,0"
15,"Navarra, Comunidad Foral de",Incineración o aprovechamiento energético,2014,"0,0"
15,"Navarra, Comunidad Foral de",Incineración o aprovechamiento energético,2013,"0,0"
15,"Navarra, Comunidad Foral de",Incineración o aprovechamiento energético,2012,"0,0"
15,"Navarra, Comunidad Foral de",Incineración o aprovechamiento energético,2011,..
15,"Navarra, Comunidad Foral de",Incineración o aprovechamiento energético,2010,..
15,"Navarra, Comunidad Foral de",Incineración o aprovechamiento energético,2009,..
15,"Navarra, Comunidad Foral de",Incineración o aprovechamiento energético,2008,..
15,"Navarra, Comunidad Foral de",Incineración o aprovechamiento energético,2007,..
15,"Navarra, Comunidad Foral de",Incineración o aprovechamiento energético,2006,..
15,"Navarra, Comunidad Foral de",Incineración o aprovechamiento energético,2005,..
15,"Navarra, Comunidad Foral de",Incineración o aprovechamiento energético,2004,..
15,"Navarra, Comunidad Foral de",Incineración o aprovechamiento energético,2003,..
15,"Navarra, Comunidad Foral de",Incineración o aprovechamiento energético,2002,..
15,"Navarra, Comunidad Foral de",Incineración o aprovechamiento energético,2001,..
15,"Navarra, Comunidad Foral de",Incineración o aprovechamiento energético,2000,..
15,"Navarra, Comunidad Foral de",Vertedero,2022,"0,0"
15,"Navarra, Comunidad Foral de",Vertedero,2020,"0,0"
15,"Navarra, Comunidad Foral de",Vertedero,2018,"0,0"
15,"Navarra, Comunidad Foral de",Vertedero,2016,"0,0"
15,"Navarra, Comunidad Foral de",Vertedero,2014,"0,9"
15,"Navarra, Comunidad Foral de",Vertedero,2013,"0,7"
15,"Navarra, Comunidad Foral de",Vertedero,2012,"2,3"
15,"Navarra, Comunidad Foral de",Vertedero,2011,..
15,"Navarra, Comunidad Foral de",Vertedero,2010,..
15,"Navarra, Comunidad Foral de",Vertedero,2009,..
15,"Navarra, Comunidad Foral de",Vertedero,2008,..
15,"Navarra, Comunidad Foral de",Vertedero,2007,..
15,"Navarra, Comunidad Foral de",Vertedero,2006,..
15,"Navarra, Comunidad Foral de",Vertedero,2005,..
15,"Navarra, Comunidad Foral de",Vertedero,2004,..
15,"Navarra, Comunidad Foral de",Vertedero,2003,..
15,"Navarra, Comunidad Foral de",Vertedero,2002,..
15,"Navarra, Comunidad Foral de",Vertedero,2001,..
15,"Navarra, Comunidad Foral de",Vertedero,2000,..
16,País Vasco,"Agricultura, silvicultura y jardinería",2022,"59,9"
16,País Vasco,"Agricultura, silvicultura y jardinería",2020,"50,2"
16,País Vasco,"Agricultura, silvicultura y jardinería",2018,"62,3"
16,País Vasco,"Agricultura, silvicultura y jardinería",2016,"59,4"
16,País Vasco,"Agricultura, silvicultura y jardinería",2014,"48,0"
16,País Vasco,"Agricultura, silvicultura y jardinería",2013,"46,1"
16,País Vasco,"Agricultura, silvicultura y jardinería",2012,"34,2"
16,País Vasco,"Agricultura, silvicultura y jardinería",2011,..
16,País Vasco,"Agricultura, silvicultura y jardinería",2010,..
16,País Vasco,"Agricultura, silvicultura y jardinería",2009,..
16,País Vasco,"Agricultura, silvicultura y jardinería",2008,..
16,País Vasco,"Agricultura, silvicultura y jardinería",2007,..
16,País Vasco,"Agricultura, silvicultura y jardinería",2006,..
16,País Vasco,"Agricultura, silvicultura y jardinería",2005,..
16,País Vasco,"Agricultura, silvicultura y jardinería",2004,..
16,País Vasco,"Agricultura, silvicultura y jardinería",2003,..
16,País Vasco,"Agricultura, silvicultura y jardinería",2002,..
16,País Vasco,"Agricultura, silvicultura y jardinería",2001,..
16,País Vasco,"Agricultura, silvicultura y jardinería",2000,..
16,País Vasco,Incineración o aprovechamiento energético,2022,"40,1"
16,País Vasco,Incineración o aprovechamiento energético,2020,"49,8"
16,País Vasco,Incineración o aprovechamiento energético,2018,"29,9"
16,País Vasco,Incineración o aprovechamiento energético,2016,"31,3"
16,País Vasco,Incineración o aprovechamiento energético,2014,"33,2"
16,País Vasco,Incineración o aprovechamiento energético,2013,"35,9"
16,País Vasco,Incineración o aprovechamiento energético,2012,"42,8"
16,País Vasco,Incineración o aprovechamiento energético,2011,..
16,País Vasco,Incineración o aprovechamiento energético,2010,..
16,País Vasco,Incineración o aprovechamiento energético,2009,..
16,País Vasco,Incineración o aprovechamiento energético,2008,..
16,País Vasco,Incineración o aprovechamiento energético,2007,..
16,País Vasco,Incineración o aprovechamiento energético,2006,..
16,País Vasco,Incineración o aprovechamiento energético,2005,..
16,País Vasco,Incineración o aprovechamiento energético,2004,..
16,País Vasco,Incineración o aprovechamiento energético,2003,..
16,País Vasco,Incineración o aprovechamiento energético,2002,..
16,País Vasco,Incineración o aprovechamiento energético,2001,..
16,País Vasco,Incineración o aprovechamiento energético,2000,..
16,País Vasco,Vertedero,2022,"0,0"
16,País Vasco,Vertedero,2020,"0,0"
16,País Vasco,Vertedero,2018,"7,8"
16,País Vasco,Vertedero,2016,"9,3"
16,País Vasco,Vertedero,2014,"18,8"
16,País Vasco,Vertedero,2013,"18,0"
16,País Vasco,Vertedero,2012,"23,0"
16,País Vasco,Vertedero,2011,..
16,País Vasco,Vertedero,2010,..
16,País Vasco,Vertedero,2009,..
16,País Vasco,Vertedero,2008,..
16,País Vasco,Vertedero,2007,..
16,País Vasco,Vertedero,2006,..
16,País Vasco,Vertedero,2005,..
16,País Vasco,Vertedero,2004,..
16,País Vasco,Vertedero,2003,..
16,País Vasco,Vertedero,2002,..
16,País Vasco,Vertedero,2001,..
16,País Vasco,Vertedero,2000,..
17,"Rioja, La","Agricultura, silvicultura y jardinería",2022,"100,0"
17,"Rioja, La","Agricultura, silvicultura y jardinería",2020,"100,0"
17,"Rioja, La","Agricultura, silvicultura y jardinería",2018,"100,0"
17,"Rioja, La","Agricultura, silvicultura y jardinería",2016,"100,0"
17,"Rioja, La","Agricultura, silvicultura y jardinería",2014,"100,0"
17,"Rioja, La","Agricultura, silvicultura y jardinería",2013,"100,0"
17,"Rioja, La","Agricultura, silvicultura y jardinería",2012,"100,0"
17,"Rioja, La","Agricultura, silvicultura y jardinería",2011,..
17,"Rioja, La","Agricultura, silvicultura y jardinería",2010,..
17,"Rioja, La","Agricultura, silvicultura y jardinería",2009,..
17,"Rioja, La","Agricultura, silvicultura y jardinería",2008,..
17,"Rioja, La","Agricultura, silvicultura y jardinería",2007,..
17,"Rioja, La","Agricultura, silvicultura y jardinería",2006,..
17,"Rioja, La","Agricultura, silvicultura y jardinería",2005,..
17,"Rioja, La","Agricultura, silvicultura y jardinería",2004,..
17,"Rioja, La","Agricultura, silvicultura y jardinería",2003,..
17,"Rioja, La","Agricultura, silvicultura y jardinería",2002,..
17,"Rioja, La","Agricultura, silvicultura y jardinería",2001,..
17,"Rioja, La","Agricultura, silvicultura y jardinería",2000,..
17,"Rioja, La",Incineración o aprovechamiento energético,2022,"0,0"
17,"Rioja, La",Incineración o aprovechamiento energético,2020,"0,0"
17,"Rioja, La",Incineración o aprovechamiento energético,2018,"0,0"
17,"Rioja, La",Incineración o aprovechamiento energético,2016,"0,0"
17,"Rioja, La",Incineración o aprovechamiento energético,2014,"0,0"
17,"Rioja, La",Incineración o aprovechamiento energético,2013,"0,0"
17,"Rioja, La",Incineración o aprovechamiento energético,2012,"0,0"
17,"Rioja, La",Incineración o aprovechamiento energético,2011,..
17,"Rioja, La",Incineración o aprovechamiento energético,2010,..
17,"Rioja, La",Incineración o aprovechamiento energético,2009,..
17,"Rioja, La",Incineración o aprovechamiento energético,2008,..
17,"Rioja, La",Incineración o aprovechamiento energético,2007,..
17,"Rioja, La",Incineración o aprovechamiento energético,2006,..
17,"Rioja, La",Incineración o aprovechamiento energético,2005,..
17,"Rioja, La",Incineración o aprovechamiento energético,2004,..
17,"Rioja, La",Incineración o aprovechamiento energético,2003,..
17,"Rioja, La",Incineración o aprovechamiento energético,2002,..
17,"Rioja, La",Incineración o aprovechamiento energético,2001,..
17,"Rioja, La",Incineración o aprovechamiento energético,2000,..
17,"Rioja, La",Vertedero,2022,"0,0"
17,"Rioja, La",Vertedero,2020,"0,0"
17,"Rioja, La",Vertedero,2018,"0,0"
17,"Rioja, La",Vertedero,2016,"0,0"
17,"Rioja, La",Vertedero,2014,"0,0"
17,"Rioja, La",Vertedero,2013,"0,0"
17,"Rioja, La",Vertedero,2012,"0,0"
17,"Rioja, La",Vertedero,2011,..
17,"Rioja, La",Vertedero,2010,..
17,"Rioja, La",Vertedero,2009,..
17,"Rioja, La",Vertedero,2008,..
17,"Rioja, La",Vertedero,2007,..
17,"Rioja, La",Vertedero,2006,..
17,"Rioja, La",Vertedero,2005,..
17,"Rioja, La",Vertedero,2004,..
17,"Rioja, La",Vertedero,2003,..
17,"Rioja, La",Vertedero,2002,..
17,"Rioja, La",Vertedero,2001,..
17,"Rioja, La",Vertedero,2000,..
18,Ceuta y Melilla,"Agricultura, silvicultura y jardinería",2022,"0,0"
18,Ceuta y Melilla,"Agricultura, silvicultura y jardinería",2020,"0,0"
18,Ceuta y Melilla,"Agricultura, silvicultura y jardinería",2018,"0,0"
18,Ceuta y Melilla,"Agricultura, silvicultura y jardinería",2016,"0,0"
18,Ceuta y Melilla,"Agricultura, silvicultura y jardinería",2014,"0,0"
18,Ceuta y Melilla,"Agricultura, silvicultura y jardinería",2013,"0,0"
18,Ceuta y Melilla,"Agricultura, silvicultura y jardinería",2012,"0,0"
18,Ceuta y Melilla,"Agricultura, silvicultura y jardinería",2011,..
18,Ceuta y Melilla,"Agricultura, silvicultura y jardinería",2010,..
18,Ceuta y Melilla,"Agricultura, silvicultura y jardinería",2009,..
18,Ceuta y Melilla,"Agricultura, silvicultura y jardinería",2008,..
18,Ceuta y Melilla,"Agricultura, silvicultura y jardinería",2007,..
18,Ceuta y Melilla,"Agricultura, silvicultura y jardinería",2006,..
18,Ceuta y Melilla,"Agricultura, silvicultura y jardinería",2005,..
18,Ceuta y Melilla,"Agricultura, silvicultura y jardinería",2004,..
18,Ceuta y Melilla,"Agricultura, silvicultura y jardinería",2003,..
18,Ceuta y Melilla,"Agricultura, silvicultura y jardinería",2002,..
18,Ceuta y Melilla,"Agricultura, silvicultura y jardinería",2001,..
18,Ceuta y Melilla,"Agricultura, silvicultura y jardinería",2000,..
18,Ceuta y Melilla,Incineración o aprovechamiento energético,2022,"100,0"
18,Ceuta y Melilla,Incineración o aprovechamiento energético,2020,"100,0"
18,Ceuta y Melilla,Incineración o aprovechamiento energético,2018,"100,0"
18,Ceuta y Melilla,Incineración o aprovechamiento energético,2016,"100,0"
18,Ceuta y Melilla,Incineración o aprovechamiento energético,2014,"100,0"
18,Ceuta y Melilla,Incineración o aprovechamiento energético,2013,"0,0"
18,Ceuta y Melilla,Incineración o aprovechamiento energético,2012,"0,0"
18,Ceuta y Melilla,Incineración o aprovechamiento energético,2011,..
18,Ceuta y Melilla,Incineración o aprovechamiento energético,2010,..
18,Ceuta y Melilla,Incineración o aprovechamiento energético,2009,..
18,Ceuta y Melilla,Incineración o aprovechamiento energético,2008,..
18,Ceuta y Melilla,Incineración o aprovechamiento energético,2007,..
18,Ceuta y Melilla,Incineración o aprovechamiento energético,2006,..
18,Ceuta y Melilla,Incineración o aprovechamiento energético,2005,..
18,Ceuta y Melilla,Incineración o aprovechamiento energético,2004,..
18,Ceuta y Melilla,Incineración o aprovechamiento energético,2003,..
18,Ceuta y Melilla,Incineración o aprovechamiento energético,2002,..
18,Ceuta y Melilla,Incineración o aprovechamiento energético,2001,..
18,Ceuta y Melilla,Incineración o aprovechamiento energético,2000,..
18,Ceuta y Melilla,Vertedero,2022,"0,0"
18,Ceuta y Melilla,Vertedero,2020,"0,0"
18,Ceuta y Melilla,Vertedero,2018,"0,0"
18,Ceuta y Melilla,Vertedero,2016,"0,0"
18,Ceuta y Melilla,Vertedero,2014,"0,0"
18,Ceuta y Melilla,Vertedero,2013,"100,0"
18,Ceuta y Melilla,Vertedero,2012,"100,0"
18,Ceuta y Melilla,Vertedero,2011,..
18,Ceuta y Melilla,Vertedero,2010,..
18,Ceuta y Melilla,Vertedero,2009,..
18,Ceuta y Melilla,Vertedero,2008,..
18,Ceuta y Melilla,Vertedero,2007,..
18,Ceuta y Melilla,Vertedero,2006,..
18,Ceuta y Melilla,Vertedero,2005,..
18,Ceuta y Melilla,Vertedero,2004,..
18,Ceuta y Melilla,Vertedero,2003,..
18,Ceuta y Melilla,Vertedero,2002,..
18,Ceuta y Melilla,Vertedero,2001,..
18,Ceuta y Melilla,Vertedero,2000,..
