region_code,region,principales_indicadores,periodo,total
00,Total Nacional,Volumen de aguas residuales depuradas,2022,"0,324"
00,Total Nacional,Volumen de aguas residuales depuradas,2020,"0,282"
00,Total Nacional,Volumen de aguas residuales depuradas,2018,"0,293"
00,Total Nacional,Volumen de aguas residuales depuradas,2016,"0,279"
00,Total Nacional,Volumen de aguas residuales depuradas,2014,"0,291"
00,Total Nacional,Volumen de aguas residuales depuradas,2013,"0,294"
00,Total Nacional,Volumen de aguas residuales depuradas,2012,"0,291"
00,Total Nacional,Volumen de aguas residuales depuradas,2011,"0,289"
00,Total Nacional,Volumen de aguas residuales depuradas,2010,"0,286"
00,Total Nacional,Volumen de aguas residuales depuradas,2009,"0,276"
00,Total Nacional,Volumen de aguas residuales depuradas,2008,"0,269"
00,Total Nacional,Volumen de aguas residuales depuradas,2007,"0,277"
00,Total Nacional,Volumen de aguas residuales depuradas,2006,"0,301"
00,Total Nacional,Volumen de aguas residuales depuradas,2005,"0,316"
00,Total Nacional,Volumen de aguas residuales depuradas,2004,"0,317"
00,Total Nacional,Volumen de aguas residuales depuradas,2003,"0,201"
00,Total Nacional,Volumen de aguas residuales depuradas,2002,"0,194"
00,Total Nacional,Volumen de aguas residuales depuradas,2001,"0,189"
00,Total Nacional,Volumen de aguas residuales depuradas,2000,"0,191"
00,Total Nacional,Volumen de agua reutilizada,2022,"0,026"
00,Total Nacional,Volumen de agua reutilizada,2020,"0,031"
00,Total Nacional,Volumen de agua reutilizada,2018,"0,033"
00,Total Nacional,Volumen de agua reutilizada,2016,"0,029"
00,Total Nacional,Volumen de agua reutilizada,2014,"0,031"
00,Total Nacional,Volumen de agua reutilizada,2013,"0,031"
00,Total Nacional,Volumen de agua reutilizada,2012,"0,032"
00,Total Nacional,Volumen de agua reutilizada,2011,"0,036"
00,Total Nacional,Volumen de agua reutilizada,2010,"0,029"
00,Total Nacional,Volumen de agua reutilizada,2009,"0,032"
00,Total Nacional,Volumen de agua reutilizada,2008,"0,031"
00,Total Nacional,Volumen de agua reutilizada,2007,"0,030"
00,Total Nacional,Volumen de agua reutilizada,2006,"0,030"
00,Total Nacional,Volumen de agua reutilizada,2005,"0,025"
00,Total Nacional,Volumen de agua reutilizada,2004,"0,024"
00,Total Nacional,Volumen de agua reutilizada,2003,"0,011"
00,Total Nacional,Volumen de agua reutilizada,2002,"0,012"
00,Total Nacional,Volumen de agua reutilizada,2001,"0,014"
00,Total Nacional,Volumen de agua reutilizada,2000,"0,018"
01,Andalucía,Volumen de aguas residuales depuradas,2022,"0,193"
01,Andalucía,Volumen de aguas residuales depuradas,2020,"0,226"
01,Andalucía,Volumen de aguas residuales depuradas,2018,"0,251"
01,Andalucía,Volumen de aguas residuales depuradas,2016,"0,228"
01,Andalucía,Volumen de aguas residuales depuradas,2014,"0,239"
01,Andalucía,Volumen de aguas residuales depuradas,2013,"0,247"
01,Andalucía,Volumen de aguas residuales depuradas,2012,"0,278"
01,Andalucía,Volumen de aguas residuales depuradas,2011,"0,270"
01,Andalucía,Volumen de aguas residuales depuradas,2010,"0,221"
01,Andalucía,Volumen de aguas residuales depuradas,2009,"0,190"
01,Andalucía,Volumen de aguas residuales depuradas,2008,"0,182"
01,Andalucía,Volumen de aguas residuales depuradas,2007,"0,172"
01,Andalucía,Volumen de aguas residuales depuradas,2006,"0,223"
01,Andalucía,Volumen de aguas residuales depuradas,2005,"0,224"
01,Andalucía,Volumen de aguas residuales depuradas,2004,"0,261"
01,Andalucía,Volumen de aguas residuales depuradas,2003,"0,218"
01,Andalucía,Volumen de aguas residuales depuradas,2002,"0,208"
01,Andalucía,Volumen de aguas residuales depuradas,2001,"0,215"
01,Andalucía,Volumen de aguas residuales depuradas,2000,"0,209"
01,Andalucía,Volumen de agua reutilizada,2022,"0,010"
01,Andalucía,Volumen de agua reutilizada,2020,"0,012"
01,Andalucía,Volumen de agua reutilizada,2018,"0,012"
01,Andalucía,Volumen de agua reutilizada,2016,"0,014"
01,Andalucía,Volumen de agua reutilizada,2014,"0,019"
01,Andalucía,Volumen de agua reutilizada,2013,"0,021"
01,Andalucía,Volumen de agua reutilizada,2012,"0,029"
01,Andalucía,Volumen de agua reutilizada,2011,"0,038"
01,Andalucía,Volumen de agua reutilizada,2010,"0,041"
01,Andalucía,Volumen de agua reutilizada,2009,"0,040"
01,Andalucía,Volumen de agua reutilizada,2008,"0,032"
01,Andalucía,Volumen de agua reutilizada,2007,"0,041"
01,Andalucía,Volumen de agua reutilizada,2006,"0,016"
01,Andalucía,Volumen de agua reutilizada,2005,"0,017"
01,Andalucía,Volumen de agua reutilizada,2004,"0,019"
01,Andalucía,Volumen de agua reutilizada,2003,"0,014"
01,Andalucía,Volumen de agua reutilizada,2002,"0,014"
01,Andalucía,Volumen de agua reutilizada,2001,"0,010"
01,Andalucía,Volumen de agua reutilizada,2000,"0,016"
02,Aragón,Volumen de aguas residuales depuradas,2022,"0,442"
02,Aragón,Volumen de aguas residuales depuradas,2020,"0,331"
02,Aragón,Volumen de aguas residuales depuradas,2018,"0,364"
02,Aragón,Volumen de aguas residuales depuradas,2016,"0,400"
02,Aragón,Volumen de aguas residuales depuradas,2014,"0,416"
02,Aragón,Volumen de aguas residuales depuradas,2013,"0,418"
02,Aragón,Volumen de aguas residuales depuradas,2012,"0,383"
02,Aragón,Volumen de aguas residuales depuradas,2011,"0,408"
02,Aragón,Volumen de aguas residuales depuradas,2010,"0,483"
02,Aragón,Volumen de aguas residuales depuradas,2009,"0,504"
02,Aragón,Volumen de aguas residuales depuradas,2008,"0,462"
02,Aragón,Volumen de aguas residuales depuradas,2007,"0,451"
02,Aragón,Volumen de aguas residuales depuradas,2006,"0,431"
02,Aragón,Volumen de aguas residuales depuradas,2005,"0,459"
02,Aragón,Volumen de aguas residuales depuradas,2004,"0,460"
02,Aragón,Volumen de aguas residuales depuradas,2003,"0,237"
02,Aragón,Volumen de aguas residuales depuradas,2002,"0,203"
02,Aragón,Volumen de aguas residuales depuradas,2001,"0,206"
02,Aragón,Volumen de aguas residuales depuradas,2000,"0,215"
02,Aragón,Volumen de agua reutilizada,2022,"0,001"
02,Aragón,Volumen de agua reutilizada,2020,"0,008"
02,Aragón,Volumen de agua reutilizada,2018,"0,028"
02,Aragón,Volumen de agua reutilizada,2016,"0,003"
02,Aragón,Volumen de agua reutilizada,2014,"0,003"
02,Aragón,Volumen de agua reutilizada,2013,"0,003"
02,Aragón,Volumen de agua reutilizada,2012,"0,003"
02,Aragón,Volumen de agua reutilizada,2011,"0,003"
02,Aragón,Volumen de agua reutilizada,2010,"0,004"
02,Aragón,Volumen de agua reutilizada,2009,"0,003"
02,Aragón,Volumen de agua reutilizada,2008,"0,002"
02,Aragón,Volumen de agua reutilizada,2007,"0,002"
02,Aragón,Volumen de agua reutilizada,2006,"0,001"
02,Aragón,Volumen de agua reutilizada,2005,"0,003"
02,Aragón,Volumen de agua reutilizada,2004,"0,001"
02,Aragón,Volumen de agua reutilizada,2003,"0,000"
02,Aragón,Volumen de agua reutilizada,2002,"0,030"
02,Aragón,Volumen de agua reutilizada,2001,"0,026"
02,Aragón,Volumen de agua reutilizada,2000,"0,026"
03,"Asturias, Principado de",Volumen de aguas residuales depuradas,2022,"0,245"
03,"Asturias, Principado de",Volumen de aguas residuales depuradas,2020,"0,375"
03,"Asturias, Principado de",Volumen de aguas residuales depuradas,2018,"0,362"
03,"Asturias, Principado de",Volumen de aguas residuales depuradas,2016,"0,389"
03,"Asturias, Principado de",Volumen de aguas residuales depuradas,2014,"0,524"
03,"Asturias, Principado de",Volumen de aguas residuales depuradas,2013,"0,424"
03,"Asturias, Principado de",Volumen de aguas residuales depuradas,2012,"0,383"
03,"Asturias, Principado de",Volumen de aguas residuales depuradas,2011,"0,342"
03,"Asturias, Principado de",Volumen de aguas residuales depuradas,2010,"0,312"
03,"Asturias, Principado de",Volumen de aguas residuales depuradas,2009,"0,278"
03,"Asturias, Principado de",Volumen de aguas residuales depuradas,2008,"0,255"
03,"Asturias, Principado de",Volumen de aguas residuales depuradas,2007,"0,267"
03,"Asturias, Principado de",Volumen de aguas residuales depuradas,2006,"0,308"
03,"Asturias, Principado de",Volumen de aguas residuales depuradas,2005,"0,279"
03,"Asturias, Principado de",Volumen de aguas residuales depuradas,2004,"0,252"
03,"Asturias, Principado de",Volumen de aguas residuales depuradas,2003,"0,134"
03,"Asturias, Principado de",Volumen de aguas residuales depuradas,2002,"0,081"
03,"Asturias, Principado de",Volumen de aguas residuales depuradas,2001,"0,088"
03,"Asturias, Principado de",Volumen de aguas residuales depuradas,2000,"0,108"
03,"Asturias, Principado de",Volumen de agua reutilizada,2022,"0,000"
03,"Asturias, Principado de",Volumen de agua reutilizada,2020,"0,026"
03,"Asturias, Principado de",Volumen de agua reutilizada,2018,"0,024"
03,"Asturias, Principado de",Volumen de agua reutilizada,2016,"0,015"
03,"Asturias, Principado de",Volumen de agua reutilizada,2014,"0,036"
03,"Asturias, Principado de",Volumen de agua reutilizada,2013,"0,000"
03,"Asturias, Principado de",Volumen de agua reutilizada,2012,"0,000"
03,"Asturias, Principado de",Volumen de agua reutilizada,2011,"0,007"
03,"Asturias, Principado de",Volumen de agua reutilizada,2010,"0,005"
03,"Asturias, Principado de",Volumen de agua reutilizada,2009,"0,000"
03,"Asturias, Principado de",Volumen de agua reutilizada,2008,"0,000"
03,"Asturias, Principado de",Volumen de agua reutilizada,2007,"0,008"
03,"Asturias, Principado de",Volumen de agua reutilizada,2006,"0,007"
03,"Asturias, Principado de",Volumen de agua reutilizada,2005,"0,009"
03,"Asturias, Principado de",Volumen de agua reutilizada,2004,"0,028"
03,"Asturias, Principado de",Volumen de agua reutilizada,2003,"0,002"
03,"Asturias, Principado de",Volumen de agua reutilizada,2002,"0,000"
03,"Asturias, Principado de",Volumen de agua reutilizada,2001,"0,000"
03,"Asturias, Principado de",Volumen de agua reutilizada,2000,"0,000"
04,"Balears, Illes",Volumen de aguas residuales depuradas,2022,"0,284"
04,"Balears, Illes",Volumen de aguas residuales depuradas,2020,"0,255"
04,"Balears, Illes",Volumen de aguas residuales depuradas,2018,"0,291"
04,"Balears, Illes",Volumen de aguas residuales depuradas,2016,"0,274"
04,"Balears, Illes",Volumen de aguas residuales depuradas,2014,"0,299"
04,"Balears, Illes",Volumen de aguas residuales depuradas,2013,"0,356"
04,"Balears, Illes",Volumen de aguas residuales depuradas,2012,"0,357"
04,"Balears, Illes",Volumen de aguas residuales depuradas,2011,"0,345"
04,"Balears, Illes",Volumen de aguas residuales depuradas,2010,"0,257"
04,"Balears, Illes",Volumen de aguas residuales depuradas,2009,"0,279"
04,"Balears, Illes",Volumen de aguas residuales depuradas,2008,"0,276"
04,"Balears, Illes",Volumen de aguas residuales depuradas,2007,"0,316"
04,"Balears, Illes",Volumen de aguas residuales depuradas,2006,"0,373"
04,"Balears, Illes",Volumen de aguas residuales depuradas,2005,"0,475"
04,"Balears, Illes",Volumen de aguas residuales depuradas,2004,"0,359"
04,"Balears, Illes",Volumen de aguas residuales depuradas,2003,"0,199"
04,"Balears, Illes",Volumen de aguas residuales depuradas,2002,"0,199"
04,"Balears, Illes",Volumen de aguas residuales depuradas,2001,"0,176"
04,"Balears, Illes",Volumen de aguas residuales depuradas,2000,"0,223"
04,"Balears, Illes",Volumen de agua reutilizada,2022,"0,053"
04,"Balears, Illes",Volumen de agua reutilizada,2020,"0,116"
04,"Balears, Illes",Volumen de agua reutilizada,2018,"0,099"
04,"Balears, Illes",Volumen de agua reutilizada,2016,"0,090"
04,"Balears, Illes",Volumen de agua reutilizada,2014,"0,136"
04,"Balears, Illes",Volumen de agua reutilizada,2013,"0,172"
04,"Balears, Illes",Volumen de agua reutilizada,2012,"0,107"
04,"Balears, Illes",Volumen de agua reutilizada,2011,"0,100"
04,"Balears, Illes",Volumen de agua reutilizada,2010,"0,088"
04,"Balears, Illes",Volumen de agua reutilizada,2009,"0,117"
04,"Balears, Illes",Volumen de agua reutilizada,2008,"0,094"
04,"Balears, Illes",Volumen de agua reutilizada,2007,"0,105"
04,"Balears, Illes",Volumen de agua reutilizada,2006,"0,133"
04,"Balears, Illes",Volumen de agua reutilizada,2005,"0,157"
04,"Balears, Illes",Volumen de agua reutilizada,2004,"0,110"
04,"Balears, Illes",Volumen de agua reutilizada,2003,"0,057"
04,"Balears, Illes",Volumen de agua reutilizada,2002,"0,074"
04,"Balears, Illes",Volumen de agua reutilizada,2001,"0,077"
04,"Balears, Illes",Volumen de agua reutilizada,2000,"0,123"
05,Canarias,Volumen de aguas residuales depuradas,2022,"0,172"
05,Canarias,Volumen de aguas residuales depuradas,2020,"0,142"
05,Canarias,Volumen de aguas residuales depuradas,2018,"0,129"
05,Canarias,Volumen de aguas residuales depuradas,2016,"0,160"
05,Canarias,Volumen de aguas residuales depuradas,2014,"0,181"
05,Canarias,Volumen de aguas residuales depuradas,2013,"0,157"
05,Canarias,Volumen de aguas residuales depuradas,2012,"0,175"
05,Canarias,Volumen de aguas residuales depuradas,2011,"0,165"
05,Canarias,Volumen de aguas residuales depuradas,2010,"0,165"
05,Canarias,Volumen de aguas residuales depuradas,2009,"0,176"
05,Canarias,Volumen de aguas residuales depuradas,2008,"0,169"
05,Canarias,Volumen de aguas residuales depuradas,2007,"0,151"
05,Canarias,Volumen de aguas residuales depuradas,2006,"0,155"
05,Canarias,Volumen de aguas residuales depuradas,2005,"0,138"
05,Canarias,Volumen de aguas residuales depuradas,2004,"0,115"
05,Canarias,Volumen de aguas residuales depuradas,2003,"0,126"
05,Canarias,Volumen de aguas residuales depuradas,2002,"0,120"
05,Canarias,Volumen de aguas residuales depuradas,2001,"0,099"
05,Canarias,Volumen de aguas residuales depuradas,2000,"0,109"
05,Canarias,Volumen de agua reutilizada,2022,"0,048"
05,Canarias,Volumen de agua reutilizada,2020,"0,034"
05,Canarias,Volumen de agua reutilizada,2018,"0,029"
05,Canarias,Volumen de agua reutilizada,2016,"0,032"
05,Canarias,Volumen de agua reutilizada,2014,"0,036"
05,Canarias,Volumen de agua reutilizada,2013,"0,033"
05,Canarias,Volumen de agua reutilizada,2012,"0,041"
05,Canarias,Volumen de agua reutilizada,2011,"0,041"
05,Canarias,Volumen de agua reutilizada,2010,"0,042"
05,Canarias,Volumen de agua reutilizada,2009,"0,047"
05,Canarias,Volumen de agua reutilizada,2008,"0,045"
05,Canarias,Volumen de agua reutilizada,2007,"0,046"
05,Canarias,Volumen de agua reutilizada,2006,"0,086"
05,Canarias,Volumen de agua reutilizada,2005,"0,043"
05,Canarias,Volumen de agua reutilizada,2004,"0,045"
05,Canarias,Volumen de agua reutilizada,2003,"0,066"
05,Canarias,Volumen de agua reutilizada,2002,"0,059"
05,Canarias,Volumen de agua reutilizada,2001,"0,046"
05,Canarias,Volumen de agua reutilizada,2000,"0,059"
06,Cantabria,Volumen de aguas residuales depuradas,2022,"1,494"
06,Cantabria,Volumen de aguas residuales depuradas,2020,"0,504"
06,Cantabria,Volumen de aguas residuales depuradas,2018,"0,602"
06,Cantabria,Volumen de aguas residuales depuradas,2016,"0,549"
06,Cantabria,Volumen de aguas residuales depuradas,2014,"0,455"
06,Cantabria,Volumen de aguas residuales depuradas,2013,"0,487"
06,Cantabria,Volumen de aguas residuales depuradas,2012,"0,435"
06,Cantabria,Volumen de aguas residuales depuradas,2011,"0,416"
06,Cantabria,Volumen de aguas residuales depuradas,2010,"0,474"
06,Cantabria,Volumen de aguas residuales depuradas,2009,"0,414"
06,Cantabria,Volumen de aguas residuales depuradas,2008,"0,438"
06,Cantabria,Volumen de aguas residuales depuradas,2007,"0,390"
06,Cantabria,Volumen de aguas residuales depuradas,2006,"0,503"
06,Cantabria,Volumen de aguas residuales depuradas,2005,"0,515"
06,Cantabria,Volumen de aguas residuales depuradas,2004,"0,371"
06,Cantabria,Volumen de aguas residuales depuradas,2003,"0,156"
06,Cantabria,Volumen de aguas residuales depuradas,2002,"0,121"
06,Cantabria,Volumen de aguas residuales depuradas,2001,"0,092"
06,Cantabria,Volumen de aguas residuales depuradas,2000,"0,161"
06,Cantabria,Volumen de agua reutilizada,2022,"0,000"
06,Cantabria,Volumen de agua reutilizada,2020,"0,008"
06,Cantabria,Volumen de agua reutilizada,2018,"0,007"
06,Cantabria,Volumen de agua reutilizada,2016,"0,009"
06,Cantabria,Volumen de agua reutilizada,2014,"0,009"
06,Cantabria,Volumen de agua reutilizada,2013,"0,010"
06,Cantabria,Volumen de agua reutilizada,2012,"0,018"
06,Cantabria,Volumen de agua reutilizada,2011,"0,000"
06,Cantabria,Volumen de agua reutilizada,2010,"0,000"
06,Cantabria,Volumen de agua reutilizada,2009,"0,000"
06,Cantabria,Volumen de agua reutilizada,2008,"0,000"
06,Cantabria,Volumen de agua reutilizada,2007,"0,000"
06,Cantabria,Volumen de agua reutilizada,2006,"0,006"
06,Cantabria,Volumen de agua reutilizada,2005,"0,006"
06,Cantabria,Volumen de agua reutilizada,2004,"0,005"
06,Cantabria,Volumen de agua reutilizada,2003,"0,022"
06,Cantabria,Volumen de agua reutilizada,2002,"0,001"
06,Cantabria,Volumen de agua reutilizada,2001,"0,001"
06,Cantabria,Volumen de agua reutilizada,2000,"0,000"
07,Castilla y León,Volumen de aguas residuales depuradas,2022,"0,590"
07,Castilla y León,Volumen de aguas residuales depuradas,2020,"0,472"
07,Castilla y León,Volumen de aguas residuales depuradas,2018,"0,541"
07,Castilla y León,Volumen de aguas residuales depuradas,2016,"0,420"
07,Castilla y León,Volumen de aguas residuales depuradas,2014,"0,431"
07,Castilla y León,Volumen de aguas residuales depuradas,2013,"0,435"
07,Castilla y León,Volumen de aguas residuales depuradas,2012,"0,467"
07,Castilla y León,Volumen de aguas residuales depuradas,2011,"0,427"
07,Castilla y León,Volumen de aguas residuales depuradas,2010,"0,560"
07,Castilla y León,Volumen de aguas residuales depuradas,2009,"0,520"
07,Castilla y León,Volumen de aguas residuales depuradas,2008,"0,510"
07,Castilla y León,Volumen de aguas residuales depuradas,2007,"0,680"
07,Castilla y León,Volumen de aguas residuales depuradas,2006,"0,635"
07,Castilla y León,Volumen de aguas residuales depuradas,2005,"0,584"
07,Castilla y León,Volumen de aguas residuales depuradas,2004,"0,397"
07,Castilla y León,Volumen de aguas residuales depuradas,2003,"0,218"
07,Castilla y León,Volumen de aguas residuales depuradas,2002,"0,209"
07,Castilla y León,Volumen de aguas residuales depuradas,2001,"0,120"
07,Castilla y León,Volumen de aguas residuales depuradas,2000,"0,121"
07,Castilla y León,Volumen de agua reutilizada,2022,"0,006"
07,Castilla y León,Volumen de agua reutilizada,2020,"0,005"
07,Castilla y León,Volumen de agua reutilizada,2018,"0,011"
07,Castilla y León,Volumen de agua reutilizada,2016,"0,004"
07,Castilla y León,Volumen de agua reutilizada,2014,"0,004"
07,Castilla y León,Volumen de agua reutilizada,2013,"0,006"
07,Castilla y León,Volumen de agua reutilizada,2012,"0,003"
07,Castilla y León,Volumen de agua reutilizada,2011,"0,001"
07,Castilla y León,Volumen de agua reutilizada,2010,"0,004"
07,Castilla y León,Volumen de agua reutilizada,2009,"0,004"
07,Castilla y León,Volumen de agua reutilizada,2008,"0,003"
07,Castilla y León,Volumen de agua reutilizada,2007,"0,003"
07,Castilla y León,Volumen de agua reutilizada,2006,"0,006"
07,Castilla y León,Volumen de agua reutilizada,2005,"0,002"
07,Castilla y León,Volumen de agua reutilizada,2004,"0,001"
07,Castilla y León,Volumen de agua reutilizada,2003,"0,001"
07,Castilla y León,Volumen de agua reutilizada,2002,"0,007"
07,Castilla y León,Volumen de agua reutilizada,2001,"0,001"
07,Castilla y León,Volumen de agua reutilizada,2000,"0,001"
08,Castilla - La Mancha,Volumen de aguas residuales depuradas,2022,"0,294"
08,Castilla - La Mancha,Volumen de aguas residuales depuradas,2020,"0,273"
08,Castilla - La Mancha,Volumen de aguas residuales depuradas,2018,"0,319"
08,Castilla - La Mancha,Volumen de aguas residuales depuradas,2016,"0,244"
08,Castilla - La Mancha,Volumen de aguas residuales depuradas,2014,"0,255"
08,Castilla - La Mancha,Volumen de aguas residuales depuradas,2013,"0,306"
08,Castilla - La Mancha,Volumen de aguas residuales depuradas,2012,"0,289"
08,Castilla - La Mancha,Volumen de aguas residuales depuradas,2011,"0,331"
08,Castilla - La Mancha,Volumen de aguas residuales depuradas,2010,"0,278"
08,Castilla - La Mancha,Volumen de aguas residuales depuradas,2009,"0,262"
08,Castilla - La Mancha,Volumen de aguas residuales depuradas,2008,"0,248"
08,Castilla - La Mancha,Volumen de aguas residuales depuradas,2007,"0,215"
08,Castilla - La Mancha,Volumen de aguas residuales depuradas,2006,"0,252"
08,Castilla - La Mancha,Volumen de aguas residuales depuradas,2005,"0,307"
08,Castilla - La Mancha,Volumen de aguas residuales depuradas,2004,"0,266"
08,Castilla - La Mancha,Volumen de aguas residuales depuradas,2003,"0,187"
08,Castilla - La Mancha,Volumen de aguas residuales depuradas,2002,"0,170"
08,Castilla - La Mancha,Volumen de aguas residuales depuradas,2001,"0,191"
08,Castilla - La Mancha,Volumen de aguas residuales depuradas,2000,"0,160"
08,Castilla - La Mancha,Volumen de agua reutilizada,2022,"0,001"
08,Castilla - La Mancha,Volumen de agua reutilizada,2020,"0,008"
08,Castilla - La Mancha,Volumen de agua reutilizada,2018,"0,006"
08,Castilla - La Mancha,Volumen de agua reutilizada,2016,"0,009"
08,Castilla - La Mancha,Volumen de agua reutilizada,2014,"0,007"
08,Castilla - La Mancha,Volumen de agua reutilizada,2013,"0,011"
08,Castilla - La Mancha,Volumen de agua reutilizada,2012,"0,002"
08,Castilla - La Mancha,Volumen de agua reutilizada,2011,"0,002"
08,Castilla - La Mancha,Volumen de agua reutilizada,2010,"0,006"
08,Castilla - La Mancha,Volumen de agua reutilizada,2009,"0,010"
08,Castilla - La Mancha,Volumen de agua reutilizada,2008,"0,009"
08,Castilla - La Mancha,Volumen de agua reutilizada,2007,"0,009"
08,Castilla - La Mancha,Volumen de agua reutilizada,2006,"0,008"
08,Castilla - La Mancha,Volumen de agua reutilizada,2005,"0,010"
08,Castilla - La Mancha,Volumen de agua reutilizada,2004,"0,005"
08,Castilla - La Mancha,Volumen de agua reutilizada,2003,"0,003"
08,Castilla - La Mancha,Volumen de agua reutilizada,2002,"0,010"
08,Castilla - La Mancha,Volumen de agua reutilizada,2001,"0,012"
08,Castilla - La Mancha,Volumen de agua reutilizada,2000,"0,008"
09,Cataluña,Volumen de aguas residuales depuradas,2022,"0,347"
09,Cataluña,Volumen de aguas residuales depuradas,2020,"0,253"
09,Cataluña,Volumen de aguas residuales depuradas,2018,"0,236"
09,Cataluña,Volumen de aguas residuales depuradas,2016,"0,231"
09,Cataluña,Volumen de aguas residuales depuradas,2014,"0,233"
09,Cataluña,Volumen de aguas residuales depuradas,2013,"0,240"
09,Cataluña,Volumen de aguas residuales depuradas,2012,"0,237"
09,Cataluña,Volumen de aguas residuales depuradas,2011,"0,252"
09,Cataluña,Volumen de aguas residuales depuradas,2010,"0,253"
09,Cataluña,Volumen de aguas residuales depuradas,2009,"0,249"
09,Cataluña,Volumen de aguas residuales depuradas,2008,"0,247"
09,Cataluña,Volumen de aguas residuales depuradas,2007,"0,250"
09,Cataluña,Volumen de aguas residuales depuradas,2006,"0,282"
09,Cataluña,Volumen de aguas residuales depuradas,2005,"0,232"
09,Cataluña,Volumen de aguas residuales depuradas,2004,"0,289"
09,Cataluña,Volumen de aguas residuales depuradas,2003,"0,217"
09,Cataluña,Volumen de aguas residuales depuradas,2002,"0,222"
09,Cataluña,Volumen de aguas residuales depuradas,2001,"0,254"
09,Cataluña,Volumen de aguas residuales depuradas,2000,"0,289"
09,Cataluña,Volumen de agua reutilizada,2022,"0,044"
09,Cataluña,Volumen de agua reutilizada,2020,"0,014"
09,Cataluña,Volumen de agua reutilizada,2018,"0,011"
09,Cataluña,Volumen de agua reutilizada,2016,"0,011"
09,Cataluña,Volumen de agua reutilizada,2014,"0,009"
09,Cataluña,Volumen de agua reutilizada,2013,"0,011"
09,Cataluña,Volumen de agua reutilizada,2012,"0,010"
09,Cataluña,Volumen de agua reutilizada,2011,"0,010"
09,Cataluña,Volumen de agua reutilizada,2010,"0,012"
09,Cataluña,Volumen de agua reutilizada,2009,"0,016"
09,Cataluña,Volumen de agua reutilizada,2008,"0,015"
09,Cataluña,Volumen de agua reutilizada,2007,"0,010"
09,Cataluña,Volumen de agua reutilizada,2006,"0,015"
09,Cataluña,Volumen de agua reutilizada,2005,"0,017"
09,Cataluña,Volumen de agua reutilizada,2004,"0,005"
09,Cataluña,Volumen de agua reutilizada,2003,"0,002"
09,Cataluña,Volumen de agua reutilizada,2002,"0,002"
09,Cataluña,Volumen de agua reutilizada,2001,"0,002"
09,Cataluña,Volumen de agua reutilizada,2000,"0,026"
10,Comunitat Valenciana,Volumen de aguas residuales depuradas,2022,"0,146"
10,Comunitat Valenciana,Volumen de aguas residuales depuradas,2020,"0,255"
10,Comunitat Valenciana,Volumen de aguas residuales depuradas,2018,"0,266"
10,Comunitat Valenciana,Volumen de aguas residuales depuradas,2016,"0,234"
10,Comunitat Valenciana,Volumen de aguas residuales depuradas,2014,"0,232"
10,Comunitat Valenciana,Volumen de aguas residuales depuradas,2013,"0,244"
10,Comunitat Valenciana,Volumen de aguas residuales depuradas,2012,"0,247"
10,Comunitat Valenciana,Volumen de aguas residuales depuradas,2011,"0,260"
10,Comunitat Valenciana,Volumen de aguas residuales depuradas,2010,"0,276"
10,Comunitat Valenciana,Volumen de aguas residuales depuradas,2009,"0,276"
10,Comunitat Valenciana,Volumen de aguas residuales depuradas,2008,"0,283"
10,Comunitat Valenciana,Volumen de aguas residuales depuradas,2007,"0,282"
10,Comunitat Valenciana,Volumen de aguas residuales depuradas,2006,"0,282"
10,Comunitat Valenciana,Volumen de aguas residuales depuradas,2005,"0,300"
10,Comunitat Valenciana,Volumen de aguas residuales depuradas,2004,"0,306"
10,Comunitat Valenciana,Volumen de aguas residuales depuradas,2003,"0,165"
10,Comunitat Valenciana,Volumen de aguas residuales depuradas,2002,"0,147"
10,Comunitat Valenciana,Volumen de aguas residuales depuradas,2001,"0,133"
10,Comunitat Valenciana,Volumen de aguas residuales depuradas,2000,"0,155"
10,Comunitat Valenciana,Volumen de agua reutilizada,2022,"0,051"
10,Comunitat Valenciana,Volumen de agua reutilizada,2020,"0,108"
10,Comunitat Valenciana,Volumen de agua reutilizada,2018,"0,114"
10,Comunitat Valenciana,Volumen de agua reutilizada,2016,"0,111"
10,Comunitat Valenciana,Volumen de agua reutilizada,2014,"0,138"
10,Comunitat Valenciana,Volumen de agua reutilizada,2013,"0,134"
10,Comunitat Valenciana,Volumen de agua reutilizada,2012,"0,148"
10,Comunitat Valenciana,Volumen de agua reutilizada,2011,"0,167"
10,Comunitat Valenciana,Volumen de agua reutilizada,2010,"0,086"
10,Comunitat Valenciana,Volumen de agua reutilizada,2009,"0,096"
10,Comunitat Valenciana,Volumen de agua reutilizada,2008,"0,101"
10,Comunitat Valenciana,Volumen de agua reutilizada,2007,"0,088"
10,Comunitat Valenciana,Volumen de agua reutilizada,2006,"0,134"
10,Comunitat Valenciana,Volumen de agua reutilizada,2005,"0,094"
10,Comunitat Valenciana,Volumen de agua reutilizada,2004,"0,112"
10,Comunitat Valenciana,Volumen de agua reutilizada,2003,"0,031"
10,Comunitat Valenciana,Volumen de agua reutilizada,2002,"0,016"
10,Comunitat Valenciana,Volumen de agua reutilizada,2001,"0,024"
10,Comunitat Valenciana,Volumen de agua reutilizada,2000,"0,039"
11,Extremadura,Volumen de aguas residuales depuradas,2022,"0,214"
11,Extremadura,Volumen de aguas residuales depuradas,2020,"0,335"
11,Extremadura,Volumen de aguas residuales depuradas,2018,"0,384"
11,Extremadura,Volumen de aguas residuales depuradas,2016,"0,374"
11,Extremadura,Volumen de aguas residuales depuradas,2014,"0,406"
11,Extremadura,Volumen de aguas residuales depuradas,2013,"0,377"
11,Extremadura,Volumen de aguas residuales depuradas,2012,"0,408"
11,Extremadura,Volumen de aguas residuales depuradas,2011,"0,466"
11,Extremadura,Volumen de aguas residuales depuradas,2010,"0,372"
11,Extremadura,Volumen de aguas residuales depuradas,2009,"0,317"
11,Extremadura,Volumen de aguas residuales depuradas,2008,"0,353"
11,Extremadura,Volumen de aguas residuales depuradas,2007,"0,372"
11,Extremadura,Volumen de aguas residuales depuradas,2006,"0,262"
11,Extremadura,Volumen de aguas residuales depuradas,2005,"0,332"
11,Extremadura,Volumen de aguas residuales depuradas,2004,"0,118"
11,Extremadura,Volumen de aguas residuales depuradas,2003,"0,251"
11,Extremadura,Volumen de aguas residuales depuradas,2002,"0,231"
11,Extremadura,Volumen de aguas residuales depuradas,2001,"0,166"
11,Extremadura,Volumen de aguas residuales depuradas,2000,"0,142"
11,Extremadura,Volumen de agua reutilizada,2022,"0,000"
11,Extremadura,Volumen de agua reutilizada,2020,"0,000"
11,Extremadura,Volumen de agua reutilizada,2018,"0,000"
11,Extremadura,Volumen de agua reutilizada,2016,"0,000"
11,Extremadura,Volumen de agua reutilizada,2014,"0,000"
11,Extremadura,Volumen de agua reutilizada,2013,"0,000"
11,Extremadura,Volumen de agua reutilizada,2012,"0,000"
11,Extremadura,Volumen de agua reutilizada,2011,"0,002"
11,Extremadura,Volumen de agua reutilizada,2010,"0,000"
11,Extremadura,Volumen de agua reutilizada,2009,"0,000"
11,Extremadura,Volumen de agua reutilizada,2008,"0,000"
11,Extremadura,Volumen de agua reutilizada,2007,"0,000"
11,Extremadura,Volumen de agua reutilizada,2006,"0,003"
11,Extremadura,Volumen de agua reutilizada,2005,"0,006"
11,Extremadura,Volumen de agua reutilizada,2004,"0,002"
11,Extremadura,Volumen de agua reutilizada,2003,"0,001"
11,Extremadura,Volumen de agua reutilizada,2002,"0,016"
11,Extremadura,Volumen de agua reutilizada,2001,"0,015"
11,Extremadura,Volumen de agua reutilizada,2000,"0,000"
12,Galicia,Volumen de aguas residuales depuradas,2022,"0,557"
12,Galicia,Volumen de aguas residuales depuradas,2020,"0,388"
12,Galicia,Volumen de aguas residuales depuradas,2018,"0,385"
12,Galicia,Volumen de aguas residuales depuradas,2016,"0,329"
12,Galicia,Volumen de aguas residuales depuradas,2014,"0,330"
12,Galicia,Volumen de aguas residuales depuradas,2013,"0,355"
12,Galicia,Volumen de aguas residuales depuradas,2012,"0,346"
12,Galicia,Volumen de aguas residuales depuradas,2011,"0,298"
12,Galicia,Volumen de aguas residuales depuradas,2010,"0,301"
12,Galicia,Volumen de aguas residuales depuradas,2009,"0,324"
12,Galicia,Volumen de aguas residuales depuradas,2008,"0,267"
12,Galicia,Volumen de aguas residuales depuradas,2007,"0,274"
12,Galicia,Volumen de aguas residuales depuradas,2006,"0,248"
12,Galicia,Volumen de aguas residuales depuradas,2005,"0,273"
12,Galicia,Volumen de aguas residuales depuradas,2004,"0,420"
12,Galicia,Volumen de aguas residuales depuradas,2003,"0,184"
12,Galicia,Volumen de aguas residuales depuradas,2002,"0,194"
12,Galicia,Volumen de aguas residuales depuradas,2001,"0,166"
12,Galicia,Volumen de aguas residuales depuradas,2000,"0,138"
12,Galicia,Volumen de agua reutilizada,2022,"0,000"
12,Galicia,Volumen de agua reutilizada,2020,"0,033"
12,Galicia,Volumen de agua reutilizada,2018,"0,070"
12,Galicia,Volumen de agua reutilizada,2016,"0,029"
12,Galicia,Volumen de agua reutilizada,2014,"0,000"
12,Galicia,Volumen de agua reutilizada,2013,"0,000"
12,Galicia,Volumen de agua reutilizada,2012,"0,001"
12,Galicia,Volumen de agua reutilizada,2011,"0,001"
12,Galicia,Volumen de agua reutilizada,2010,"0,001"
12,Galicia,Volumen de agua reutilizada,2009,"0,001"
12,Galicia,Volumen de agua reutilizada,2008,"0,001"
12,Galicia,Volumen de agua reutilizada,2007,"0,001"
12,Galicia,Volumen de agua reutilizada,2006,"0,001"
12,Galicia,Volumen de agua reutilizada,2005,"0,001"
12,Galicia,Volumen de agua reutilizada,2004,"0,002"
12,Galicia,Volumen de agua reutilizada,2003,"0,001"
12,Galicia,Volumen de agua reutilizada,2002,"0,000"
12,Galicia,Volumen de agua reutilizada,2001,"0,000"
12,Galicia,Volumen de agua reutilizada,2000,"0,000"
13,"Madrid, Comunidad de",Volumen de aguas residuales depuradas,2022,"0,242"
13,"Madrid, Comunidad de",Volumen de aguas residuales depuradas,2020,"0,207"
13,"Madrid, Comunidad de",Volumen de aguas residuales depuradas,2018,"0,226"
13,"Madrid, Comunidad de",Volumen de aguas residuales depuradas,2016,"0,233"
13,"Madrid, Comunidad de",Volumen de aguas residuales depuradas,2014,"0,264"
13,"Madrid, Comunidad de",Volumen de aguas residuales depuradas,2013,"0,264"
13,"Madrid, Comunidad de",Volumen de aguas residuales depuradas,2012,"0,244"
13,"Madrid, Comunidad de",Volumen de aguas residuales depuradas,2011,"0,259"
13,"Madrid, Comunidad de",Volumen de aguas residuales depuradas,2010,"0,243"
13,"Madrid, Comunidad de",Volumen de aguas residuales depuradas,2009,"0,225"
13,"Madrid, Comunidad de",Volumen de aguas residuales depuradas,2008,"0,241"
13,"Madrid, Comunidad de",Volumen de aguas residuales depuradas,2007,"0,233"
13,"Madrid, Comunidad de",Volumen de aguas residuales depuradas,2006,"0,307"
13,"Madrid, Comunidad de",Volumen de aguas residuales depuradas,2005,"0,346"
13,"Madrid, Comunidad de",Volumen de aguas residuales depuradas,2004,"0,362"
13,"Madrid, Comunidad de",Volumen de aguas residuales depuradas,2003,"0,199"
13,"Madrid, Comunidad de",Volumen de aguas residuales depuradas,2002,"0,199"
13,"Madrid, Comunidad de",Volumen de aguas residuales depuradas,2001,"0,212"
13,"Madrid, Comunidad de",Volumen de aguas residuales depuradas,2000,"0,211"
13,"Madrid, Comunidad de",Volumen de agua reutilizada,2022,"0,009"
13,"Madrid, Comunidad de",Volumen de agua reutilizada,2020,"0,005"
13,"Madrid, Comunidad de",Volumen de agua reutilizada,2018,"0,005"
13,"Madrid, Comunidad de",Volumen de agua reutilizada,2016,"0,005"
13,"Madrid, Comunidad de",Volumen de agua reutilizada,2014,"0,006"
13,"Madrid, Comunidad de",Volumen de agua reutilizada,2013,"0,005"
13,"Madrid, Comunidad de",Volumen de agua reutilizada,2012,"0,005"
13,"Madrid, Comunidad de",Volumen de agua reutilizada,2011,"0,004"
13,"Madrid, Comunidad de",Volumen de agua reutilizada,2010,"0,003"
13,"Madrid, Comunidad de",Volumen de agua reutilizada,2009,"0,003"
13,"Madrid, Comunidad de",Volumen de agua reutilizada,2008,"0,003"
13,"Madrid, Comunidad de",Volumen de agua reutilizada,2007,"0,003"
13,"Madrid, Comunidad de",Volumen de agua reutilizada,2006,"0,003"
13,"Madrid, Comunidad de",Volumen de agua reutilizada,2005,"0,002"
13,"Madrid, Comunidad de",Volumen de agua reutilizada,2004,"0,002"
13,"Madrid, Comunidad de",Volumen de agua reutilizada,2003,"0,001"
13,"Madrid, Comunidad de",Volumen de agua reutilizada,2002,"0,001"
13,"Madrid, Comunidad de",Volumen de agua reutilizada,2001,"0,001"
13,"Madrid, Comunidad de",Volumen de agua reutilizada,2000,"0,001"
14,"Murcia, Región de",Volumen de aguas residuales depuradas,2022,"0,443"
14,"Murcia, Región de",Volumen de aguas residuales depuradas,2020,"0,208"
14,"Murcia, Región de",Volumen de aguas residuales depuradas,2018,"0,192"
14,"Murcia, Región de",Volumen de aguas residuales depuradas,2016,"0,242"
14,"Murcia, Región de",Volumen de aguas residuales depuradas,2014,"0,249"
14,"Murcia, Región de",Volumen de aguas residuales depuradas,2013,"0,207"
14,"Murcia, Región de",Volumen de aguas residuales depuradas,2012,"0,204"
14,"Murcia, Región de",Volumen de aguas residuales depuradas,2011,"0,216"
14,"Murcia, Región de",Volumen de aguas residuales depuradas,2010,"0,208"
14,"Murcia, Región de",Volumen de aguas residuales depuradas,2009,"0,209"
14,"Murcia, Región de",Volumen de aguas residuales depuradas,2008,"0,201"
14,"Murcia, Región de",Volumen de aguas residuales depuradas,2007,"0,204"
14,"Murcia, Región de",Volumen de aguas residuales depuradas,2006,"0,215"
14,"Murcia, Región de",Volumen de aguas residuales depuradas,2005,"0,254"
14,"Murcia, Región de",Volumen de aguas residuales depuradas,2004,"0,225"
14,"Murcia, Región de",Volumen de aguas residuales depuradas,2003,"0,191"
14,"Murcia, Región de",Volumen de aguas residuales depuradas,2002,"0,182"
14,"Murcia, Región de",Volumen de aguas residuales depuradas,2001,"0,174"
14,"Murcia, Región de",Volumen de aguas residuales depuradas,2000,"0,072"
14,"Murcia, Región de",Volumen de agua reutilizada,2022,"0,275"
14,"Murcia, Región de",Volumen de agua reutilizada,2020,"0,190"
14,"Murcia, Región de",Volumen de agua reutilizada,2018,"0,183"
14,"Murcia, Región de",Volumen de agua reutilizada,2016,"0,174"
14,"Murcia, Región de",Volumen de agua reutilizada,2014,"0,125"
14,"Murcia, Región de",Volumen de agua reutilizada,2013,"0,128"
14,"Murcia, Región de",Volumen de agua reutilizada,2012,"0,117"
14,"Murcia, Región de",Volumen de agua reutilizada,2011,"0,124"
14,"Murcia, Región de",Volumen de agua reutilizada,2010,"0,161"
14,"Murcia, Región de",Volumen de agua reutilizada,2009,"0,178"
14,"Murcia, Región de",Volumen de agua reutilizada,2008,"0,191"
14,"Murcia, Región de",Volumen de agua reutilizada,2007,"0,183"
14,"Murcia, Región de",Volumen de agua reutilizada,2006,"0,079"
14,"Murcia, Región de",Volumen de agua reutilizada,2005,"0,076"
14,"Murcia, Región de",Volumen de agua reutilizada,2004,"0,061"
14,"Murcia, Región de",Volumen de agua reutilizada,2003,"0,002"
14,"Murcia, Región de",Volumen de agua reutilizada,2002,"0,028"
14,"Murcia, Región de",Volumen de agua reutilizada,2001,"0,045"
14,"Murcia, Región de",Volumen de agua reutilizada,2000,"0,006"
15,"Navarra, Comunidad Foral de",Volumen de aguas residuales depuradas,2022,"0,654"
15,"Navarra, Comunidad Foral de",Volumen de aguas residuales depuradas,2020,"0,436"
15,"Navarra, Comunidad Foral de",Volumen de aguas residuales depuradas,2018,"0,457"
15,"Navarra, Comunidad Foral de",Volumen de aguas residuales depuradas,2016,"0,329"
15,"Navarra, Comunidad Foral de",Volumen de aguas residuales depuradas,2014,"0,340"
15,"Navarra, Comunidad Foral de",Volumen de aguas residuales depuradas,2013,"0,356"
15,"Navarra, Comunidad Foral de",Volumen de aguas residuales depuradas,2012,"0,301"
15,"Navarra, Comunidad Foral de",Volumen de aguas residuales depuradas,2011,"0,297"
15,"Navarra, Comunidad Foral de",Volumen de aguas residuales depuradas,2010,"0,328"
15,"Navarra, Comunidad Foral de",Volumen de aguas residuales depuradas,2009,"0,357"
15,"Navarra, Comunidad Foral de",Volumen de aguas residuales depuradas,2008,"0,504"
15,"Navarra, Comunidad Foral de",Volumen de aguas residuales depuradas,2007,"0,602"
15,"Navarra, Comunidad Foral de",Volumen de aguas residuales depuradas,2006,"0,584"
15,"Navarra, Comunidad Foral de",Volumen de aguas residuales depuradas,2005,"0,572"
15,"Navarra, Comunidad Foral de",Volumen de aguas residuales depuradas,2004,"0,569"
15,"Navarra, Comunidad Foral de",Volumen de aguas residuales depuradas,2003,"0,265"
15,"Navarra, Comunidad Foral de",Volumen de aguas residuales depuradas,2002,"0,250"
15,"Navarra, Comunidad Foral de",Volumen de aguas residuales depuradas,2001,"0,220"
15,"Navarra, Comunidad Foral de",Volumen de aguas residuales depuradas,2000,"0,241"
15,"Navarra, Comunidad Foral de",Volumen de agua reutilizada,2022,"0,048"
15,"Navarra, Comunidad Foral de",Volumen de agua reutilizada,2020,"0,000"
15,"Navarra, Comunidad Foral de",Volumen de agua reutilizada,2018,"0,000"
15,"Navarra, Comunidad Foral de",Volumen de agua reutilizada,2016,"0,000"
15,"Navarra, Comunidad Foral de",Volumen de agua reutilizada,2014,"0,000"
15,"Navarra, Comunidad Foral de",Volumen de agua reutilizada,2013,"0,000"
15,"Navarra, Comunidad Foral de",Volumen de agua reutilizada,2012,"0,000"
15,"Navarra, Comunidad Foral de",Volumen de agua reutilizada,2011,"0,000"
15,"Navarra, Comunidad Foral de",Volumen de agua reutilizada,2010,"0,000"
15,"Navarra, Comunidad Foral de",Volumen de agua reutilizada,2009,"0,000"
15,"Navarra, Comunidad Foral de",Volumen de agua reutilizada,2008,"0,000"
15,"Navarra, Comunidad Foral de",Volumen de agua reutilizada,2007,"0,000"
15,"Navarra, Comunidad Foral de",Volumen de agua reutilizada,2006,"0,000"
15,"Navarra, Comunidad Foral de",Volumen de agua reutilizada,2005,"0,000"
15,"Navarra, Comunidad Foral de",Volumen de agua reutilizada,2004,"0,000"
15,"Navarra, Comunidad Foral de",Volumen de agua reutilizada,2003,"0,000"
15,"Navarra, Comunidad Foral de",Volumen de agua reutilizada,2002,"0,012"
15,"Navarra, Comunidad Foral de",Volumen de agua reutilizada,2001,"0,013"
15,"Navarra, Comunidad Foral de",Volumen de agua reutilizada,2000,"0,000"
16,País Vasco,Volumen de aguas residuales depuradas,2022,"0,740"
16,País Vasco,Volumen de aguas residuales depuradas,2020,"0,463"
16,País Vasco,Volumen de aguas residuales depuradas,2018,"0,451"
16,País Vasco,Volumen de aguas residuales depuradas,2016,"0,546"
16,País Vasco,Volumen de aguas residuales depuradas,2014,"0,539"
16,País Vasco,Volumen de aguas residuales depuradas,2013,"0,487"
16,País Vasco,Volumen de aguas residuales depuradas,2012,"0,405"
16,País Vasco,Volumen de aguas residuales depuradas,2011,"0,329"
16,País Vasco,Volumen de aguas residuales depuradas,2010,"0,381"
16,País Vasco,Volumen de aguas residuales depuradas,2009,"0,391"
16,País Vasco,Volumen de aguas residuales depuradas,2008,"0,285"
16,País Vasco,Volumen de aguas residuales depuradas,2007,"0,268"
16,País Vasco,Volumen de aguas residuales depuradas,2006,"0,308"
16,País Vasco,Volumen de aguas residuales depuradas,2005,"0,491"
16,País Vasco,Volumen de aguas residuales depuradas,2004,"0,428"
16,País Vasco,Volumen de aguas residuales depuradas,2003,"0,246"
16,País Vasco,Volumen de aguas residuales depuradas,2002,"0,228"
16,País Vasco,Volumen de aguas residuales depuradas,2001,"0,208"
16,País Vasco,Volumen de aguas residuales depuradas,2000,"0,203"
16,País Vasco,Volumen de agua reutilizada,2022,"0,073"
16,País Vasco,Volumen de agua reutilizada,2020,"0,004"
16,País Vasco,Volumen de agua reutilizada,2018,"0,006"
16,País Vasco,Volumen de agua reutilizada,2016,"0,005"
16,País Vasco,Volumen de agua reutilizada,2014,"0,008"
16,País Vasco,Volumen de agua reutilizada,2013,"0,006"
16,País Vasco,Volumen de agua reutilizada,2012,"0,004"
16,País Vasco,Volumen de agua reutilizada,2011,"0,007"
16,País Vasco,Volumen de agua reutilizada,2010,"0,008"
16,País Vasco,Volumen de agua reutilizada,2009,"0,006"
16,País Vasco,Volumen de agua reutilizada,2008,"0,022"
16,País Vasco,Volumen de agua reutilizada,2007,"0,013"
16,País Vasco,Volumen de agua reutilizada,2006,"0,000"
16,País Vasco,Volumen de agua reutilizada,2005,"0,001"
16,País Vasco,Volumen de agua reutilizada,2004,"0,000"
16,País Vasco,Volumen de agua reutilizada,2003,"0,004"
16,País Vasco,Volumen de agua reutilizada,2002,"0,005"
16,País Vasco,Volumen de agua reutilizada,2001,"0,047"
16,País Vasco,Volumen de agua reutilizada,2000,"0,016"
17,"Rioja, La",Volumen de aguas residuales depuradas,2022,"0,428"
17,"Rioja, La",Volumen de aguas residuales depuradas,2020,"0,566"
17,"Rioja, La",Volumen de aguas residuales depuradas,2018,"0,513"
17,"Rioja, La",Volumen de aguas residuales depuradas,2016,"0,486"
17,"Rioja, La",Volumen de aguas residuales depuradas,2014,"0,471"
17,"Rioja, La",Volumen de aguas residuales depuradas,2013,"0,515"
17,"Rioja, La",Volumen de aguas residuales depuradas,2012,"0,432"
17,"Rioja, La",Volumen de aguas residuales depuradas,2011,"0,448"
17,"Rioja, La",Volumen de aguas residuales depuradas,2010,"0,448"
17,"Rioja, La",Volumen de aguas residuales depuradas,2009,"0,575"
17,"Rioja, La",Volumen de aguas residuales depuradas,2008,"0,612"
17,"Rioja, La",Volumen de aguas residuales depuradas,2007,"0,793"
17,"Rioja, La",Volumen de aguas residuales depuradas,2006,"0,805"
17,"Rioja, La",Volumen de aguas residuales depuradas,2005,"0,895"
17,"Rioja, La",Volumen de aguas residuales depuradas,2004,"0,965"
17,"Rioja, La",Volumen de aguas residuales depuradas,2003,"0,195"
17,"Rioja, La",Volumen de aguas residuales depuradas,2002,"0,298"
17,"Rioja, La",Volumen de aguas residuales depuradas,2001,"0,256"
17,"Rioja, La",Volumen de aguas residuales depuradas,2000,"0,192"
17,"Rioja, La",Volumen de agua reutilizada,2022,"0,000"
17,"Rioja, La",Volumen de agua reutilizada,2020,"0,000"
17,"Rioja, La",Volumen de agua reutilizada,2018,"0,000"
17,"Rioja, La",Volumen de agua reutilizada,2016,"0,000"
17,"Rioja, La",Volumen de agua reutilizada,2014,"0,000"
17,"Rioja, La",Volumen de agua reutilizada,2013,"0,000"
17,"Rioja, La",Volumen de agua reutilizada,2012,"0,000"
17,"Rioja, La",Volumen de agua reutilizada,2011,"0,000"
17,"Rioja, La",Volumen de agua reutilizada,2010,"0,000"
17,"Rioja, La",Volumen de agua reutilizada,2009,"0,000"
17,"Rioja, La",Volumen de agua reutilizada,2008,"0,000"
17,"Rioja, La",Volumen de agua reutilizada,2007,"0,000"
17,"Rioja, La",Volumen de agua reutilizada,2006,"0,000"
17,"Rioja, La",Volumen de agua reutilizada,2005,"0,001"
17,"Rioja, La",Volumen de agua reutilizada,2004,"0,000"
17,"Rioja, La",Volumen de agua reutilizada,2003,"0,000"
17,"Rioja, La",Volumen de agua reutilizada,2002,"0,000"
17,"Rioja, La",Volumen de agua reutilizada,2001,"0,000"
17,"Rioja, La",Volumen de agua reutilizada,2000,"0,000"
18,Ceuta y Melilla,Volumen de aguas residuales depuradas,2022,"0,226"
18,Ceuta y Melilla,Volumen de aguas residuales depuradas,2020,"0,254"
18,Ceuta y Melilla,Volumen de aguas residuales depuradas,2018,"0,240"
18,Ceuta y Melilla,Volumen de aguas residuales depuradas,2016,"0,241"
18,Ceuta y Melilla,Volumen de aguas residuales depuradas,2014,"0,270"
18,Ceuta y Melilla,Volumen de aguas residuales depuradas,2013,"0,263"
18,Ceuta y Melilla,Volumen de aguas residuales depuradas,2012,"0,197"
18,Ceuta y Melilla,Volumen de aguas residuales depuradas,2011,"0,123"
18,Ceuta y Melilla,Volumen de aguas residuales depuradas,2010,"0,306"
18,Ceuta y Melilla,Volumen de aguas residuales depuradas,2009,"0,146"
18,Ceuta y Melilla,Volumen de aguas residuales depuradas,2008,"0,149"
18,Ceuta y Melilla,Volumen de aguas residuales depuradas,2007,"0,143"
18,Ceuta y Melilla,Volumen de aguas residuales depuradas,2006,"0,137"
18,Ceuta y Melilla,Volumen de aguas residuales depuradas,2005,"0,173"
18,Ceuta y Melilla,Volumen de aguas residuales depuradas,2004,"0,210"
18,Ceuta y Melilla,Volumen de aguas residuales depuradas,2003,"0,140"
18,Ceuta y Melilla,Volumen de aguas residuales depuradas,2002,"0,147"
18,Ceuta y Melilla,Volumen de aguas residuales depuradas,2001,"0,144"
18,Ceuta y Melilla,Volumen de aguas residuales depuradas,2000,"0,139"
18,Ceuta y Melilla,Volumen de agua reutilizada,2022,"0,086"
18,Ceuta y Melilla,Volumen de agua reutilizada,2020,"0,000"
18,Ceuta y Melilla,Volumen de agua reutilizada,2018,"0,000"
18,Ceuta y Melilla,Volumen de agua reutilizada,2016,"0,000"
18,Ceuta y Melilla,Volumen de agua reutilizada,2014,"0,003"
18,Ceuta y Melilla,Volumen de agua reutilizada,2013,"0,003"
18,Ceuta y Melilla,Volumen de agua reutilizada,2012,"0,002"
18,Ceuta y Melilla,Volumen de agua reutilizada,2011,"0,001"
18,Ceuta y Melilla,Volumen de agua reutilizada,2010,"0,003"
18,Ceuta y Melilla,Volumen de agua reutilizada,2009,"0,001"
18,Ceuta y Melilla,Volumen de agua reutilizada,2008,"0,000"
18,Ceuta y Melilla,Volumen de agua reutilizada,2007,"0,000"
18,Ceuta y Melilla,Volumen de agua reutilizada,2006,"0,004"
18,Ceuta y Melilla,Volumen de agua reutilizada,2005,"0,005"
18,Ceuta y Melilla,Volumen de agua reutilizada,2004,"0,022"
18,Ceuta y Melilla,Volumen de agua reutilizada,2003,"0,000"
18,Ceuta y Melilla,Volumen de agua reutilizada,2002,"0,001"
18,Ceuta y Melilla,Volumen de agua reutilizada,2001,"0,001"
18,Ceuta y Melilla,Volumen de agua reutilizada,2000,"0,001"
