code,region,tipo_de_indicador,periodo,total
00,Total Nacional,Volumen de agua disponible no potabilizada,2022,4.104.787
00,Total Nacional,Volumen de agua disponible no potabilizada,2020,3.832.419
00,Total Nacional,Volumen de agua disponible no potabilizada,2018,3.875.742
00,Total Nacional,Volumen de agua disponible no potabilizada,2016,4.278.776
00,Total Nacional,Volumen de agua disponible no potabilizada,2014,4.313.077
00,Total Nacional,Volumen de agua disponible no potabilizada,2013,4.555.458
00,Total Nacional,Volumen de agua disponible no potabilizada,2012,4.161.930
00,Total Nacional,Volumen de agua disponible no potabilizada,2011,4.038.357
00,Total Nacional,Volumen de agua disponible no potabilizada,2010,4.237.729
00,Total Nacional,Volumen de agua disponible no potabilizada,2009,4.303.986
00,Total Nacional,Volumen de agua disponible no potabilizada,2008,4.506.090
00,Total Nacional,Volumen de agua disponible no potabilizada,2007,4.525.650
00,Total Nacional,Volumen de agua disponible no potabilizada,2006,4.460.367
00,Total Nacional,Volumen de agua disponible no potabilizada,2005,4.825.812
00,Total Nacional,Volumen de agua disponible no potabilizada,2004,4.954.336
00,Total Nacional,Volumen de agua disponible no potabilizada,2003,4.936.621
00,Total Nacional,Volumen de agua disponible no potabilizada,2002,4.785.150
00,Total Nacional,Volumen de agua disponible no potabilizada,2001,4.781.117
00,Total Nacional,Volumen de agua disponible no potabilizada,2000,4.525.668
00,Total Nacional,Volumen de agua disponible para su potabilización,2022,4.670.479
00,Total Nacional,Volumen de agua disponible para su potabilización,2020,4.599.732
00,Total Nacional,Volumen de agua disponible para su potabilización,2018,4.769.709
00,Total Nacional,Volumen de agua disponible para su potabilización,2016,5.201.705
00,Total Nacional,Volumen de agua disponible para su potabilización,2014,4.870.238
00,Total Nacional,Volumen de agua disponible para su potabilización,2013,4.941.764
00,Total Nacional,Volumen de agua disponible para su potabilización,2012,4.902.209
00,Total Nacional,Volumen de agua disponible para su potabilización,2011,4.941.747
00,Total Nacional,Volumen de agua disponible para su potabilización,2010,4.950.457
00,Total Nacional,Volumen de agua disponible para su potabilización,2009,5.057.884
00,Total Nacional,Volumen de agua disponible para su potabilización,2008,5.315.843
00,Total Nacional,Volumen de agua disponible para su potabilización,2007,5.506.355
00,Total Nacional,Volumen de agua disponible para su potabilización,2006,5.701.638
00,Total Nacional,Volumen de agua disponible para su potabilización,2005,5.990.243
00,Total Nacional,Volumen de agua disponible para su potabilización,2004,6.086.565
00,Total Nacional,Volumen de agua disponible para su potabilización,2003,6.037.788
00,Total Nacional,Volumen de agua disponible para su potabilización,2002,5.645.608
00,Total Nacional,Volumen de agua disponible para su potabilización,2001,5.584.860
00,Total Nacional,Volumen de agua disponible para su potabilización,2000,5.212.091
01,Andalucía,Volumen de agua disponible no potabilizada,2022,713.082
01,Andalucía,Volumen de agua disponible no potabilizada,2020,780.687
01,Andalucía,Volumen de agua disponible no potabilizada,2018,745.853
01,Andalucía,Volumen de agua disponible no potabilizada,2016,799.191
01,Andalucía,Volumen de agua disponible no potabilizada,2014,797.849
01,Andalucía,Volumen de agua disponible no potabilizada,2013,820.167
01,Andalucía,Volumen de agua disponible no potabilizada,2012,800.645
01,Andalucía,Volumen de agua disponible no potabilizada,2011,790.635
01,Andalucía,Volumen de agua disponible no potabilizada,2010,802.061
01,Andalucía,Volumen de agua disponible no potabilizada,2009,826.226
01,Andalucía,Volumen de agua disponible no potabilizada,2008,745.189
01,Andalucía,Volumen de agua disponible no potabilizada,2007,827.590
01,Andalucía,Volumen de agua disponible no potabilizada,2006,871.359
01,Andalucía,Volumen de agua disponible no potabilizada,2005,1.099.057
01,Andalucía,Volumen de agua disponible no potabilizada,2004,1.108.539
01,Andalucía,Volumen de agua disponible no potabilizada,2003,931.700
01,Andalucía,Volumen de agua disponible no potabilizada,2002,968.698
01,Andalucía,Volumen de agua disponible no potabilizada,2001,923.057
01,Andalucía,Volumen de agua disponible no potabilizada,2000,824.743
01,Andalucía,Volumen de agua disponible para su potabilización,2022,868.494
01,Andalucía,Volumen de agua disponible para su potabilización,2020,855.882
01,Andalucía,Volumen de agua disponible para su potabilización,2018,900.751
01,Andalucía,Volumen de agua disponible para su potabilización,2016,903.465
01,Andalucía,Volumen de agua disponible para su potabilización,2014,862.801
01,Andalucía,Volumen de agua disponible para su potabilización,2013,821.283
01,Andalucía,Volumen de agua disponible para su potabilización,2012,864.593
01,Andalucía,Volumen de agua disponible para su potabilización,2011,887.870
01,Andalucía,Volumen de agua disponible para su potabilización,2010,897.001
01,Andalucía,Volumen de agua disponible para su potabilización,2009,934.342
01,Andalucía,Volumen de agua disponible para su potabilización,2008,925.909
01,Andalucía,Volumen de agua disponible para su potabilización,2007,950.833
01,Andalucía,Volumen de agua disponible para su potabilización,2006,1.133.420
01,Andalucía,Volumen de agua disponible para su potabilización,2005,1.275.686
01,Andalucía,Volumen de agua disponible para su potabilización,2004,1.298.743
01,Andalucía,Volumen de agua disponible para su potabilización,2003,1.208.516
01,Andalucía,Volumen de agua disponible para su potabilización,2002,1.051.048
01,Andalucía,Volumen de agua disponible para su potabilización,2001,1.047.048
01,Andalucía,Volumen de agua disponible para su potabilización,2000,918.192
02,Aragón,Volumen de agua disponible no potabilizada,2022,226.073
02,Aragón,Volumen de agua disponible no potabilizada,2020,149.055
02,Aragón,Volumen de agua disponible no potabilizada,2018,144.671
02,Aragón,Volumen de agua disponible no potabilizada,2016,178.151
02,Aragón,Volumen de agua disponible no potabilizada,2014,320.506
02,Aragón,Volumen de agua disponible no potabilizada,2013,263.561
02,Aragón,Volumen de agua disponible no potabilizada,2012,317.349
02,Aragón,Volumen de agua disponible no potabilizada,2011,200.272
02,Aragón,Volumen de agua disponible no potabilizada,2010,189.771
02,Aragón,Volumen de agua disponible no potabilizada,2009,198.015
02,Aragón,Volumen de agua disponible no potabilizada,2008,187.941
02,Aragón,Volumen de agua disponible no potabilizada,2007,166.298
02,Aragón,Volumen de agua disponible no potabilizada,2006,159.277
02,Aragón,Volumen de agua disponible no potabilizada,2005,222.519
02,Aragón,Volumen de agua disponible no potabilizada,2004,208.255
02,Aragón,Volumen de agua disponible no potabilizada,2003,207.147
02,Aragón,Volumen de agua disponible no potabilizada,2002,181.084
02,Aragón,Volumen de agua disponible no potabilizada,2001,183.400
02,Aragón,Volumen de agua disponible no potabilizada,2000,179.916
02,Aragón,Volumen de agua disponible para su potabilización,2022,238.261
02,Aragón,Volumen de agua disponible para su potabilización,2020,147.214
02,Aragón,Volumen de agua disponible para su potabilización,2018,150.933
02,Aragón,Volumen de agua disponible para su potabilización,2016,183.094
02,Aragón,Volumen de agua disponible para su potabilización,2014,160.954
02,Aragón,Volumen de agua disponible para su potabilización,2013,159.948
02,Aragón,Volumen de agua disponible para su potabilización,2012,191.261
02,Aragón,Volumen de agua disponible para su potabilización,2011,166.138
02,Aragón,Volumen de agua disponible para su potabilización,2010,170.857
02,Aragón,Volumen de agua disponible para su potabilización,2009,177.431
02,Aragón,Volumen de agua disponible para su potabilización,2008,173.537
02,Aragón,Volumen de agua disponible para su potabilización,2007,162.557
02,Aragón,Volumen de agua disponible para su potabilización,2006,159.514
02,Aragón,Volumen de agua disponible para su potabilización,2005,227.996
02,Aragón,Volumen de agua disponible para su potabilización,2004,211.834
02,Aragón,Volumen de agua disponible para su potabilización,2003,215.124
02,Aragón,Volumen de agua disponible para su potabilización,2002,186.483
02,Aragón,Volumen de agua disponible para su potabilización,2001,186.867
02,Aragón,Volumen de agua disponible para su potabilización,2000,186.109
03,"Asturias, Principado de",Volumen de agua disponible no potabilizada,2022,113.926
03,"Asturias, Principado de",Volumen de agua disponible no potabilizada,2020,106.129
03,"Asturias, Principado de",Volumen de agua disponible no potabilizada,2018,85.341
03,"Asturias, Principado de",Volumen de agua disponible no potabilizada,2016,112.987
03,"Asturias, Principado de",Volumen de agua disponible no potabilizada,2014,184.790
03,"Asturias, Principado de",Volumen de agua disponible no potabilizada,2013,228.339
03,"Asturias, Principado de",Volumen de agua disponible no potabilizada,2012,176.036
03,"Asturias, Principado de",Volumen de agua disponible no potabilizada,2011,160.684
03,"Asturias, Principado de",Volumen de agua disponible no potabilizada,2010,161.986
03,"Asturias, Principado de",Volumen de agua disponible no potabilizada,2009,163.443
03,"Asturias, Principado de",Volumen de agua disponible no potabilizada,2008,165.394
03,"Asturias, Principado de",Volumen de agua disponible no potabilizada,2007,155.243
03,"Asturias, Principado de",Volumen de agua disponible no potabilizada,2006,99.872
03,"Asturias, Principado de",Volumen de agua disponible no potabilizada,2005,143.120
03,"Asturias, Principado de",Volumen de agua disponible no potabilizada,2004,130.073
03,"Asturias, Principado de",Volumen de agua disponible no potabilizada,2003,99.847
03,"Asturias, Principado de",Volumen de agua disponible no potabilizada,2002,99.306
03,"Asturias, Principado de",Volumen de agua disponible no potabilizada,2001,87.224
03,"Asturias, Principado de",Volumen de agua disponible no potabilizada,2000,79.780
03,"Asturias, Principado de",Volumen de agua disponible para su potabilización,2022,120.703
03,"Asturias, Principado de",Volumen de agua disponible para su potabilización,2020,138.978
03,"Asturias, Principado de",Volumen de agua disponible para su potabilización,2018,118.597
03,"Asturias, Principado de",Volumen de agua disponible para su potabilización,2016,153.038
03,"Asturias, Principado de",Volumen de agua disponible para su potabilización,2014,164.655
03,"Asturias, Principado de",Volumen de agua disponible para su potabilización,2013,136.348
03,"Asturias, Principado de",Volumen de agua disponible para su potabilización,2012,130.345
03,"Asturias, Principado de",Volumen de agua disponible para su potabilización,2011,132.287
03,"Asturias, Principado de",Volumen de agua disponible para su potabilización,2010,134.144
03,"Asturias, Principado de",Volumen de agua disponible para su potabilización,2009,140.692
03,"Asturias, Principado de",Volumen de agua disponible para su potabilización,2008,151.986
03,"Asturias, Principado de",Volumen de agua disponible para su potabilización,2007,149.312
03,"Asturias, Principado de",Volumen de agua disponible para su potabilización,2006,150.737
03,"Asturias, Principado de",Volumen de agua disponible para su potabilización,2005,192.691
03,"Asturias, Principado de",Volumen de agua disponible para su potabilización,2004,173.044
03,"Asturias, Principado de",Volumen de agua disponible para su potabilización,2003,142.637
03,"Asturias, Principado de",Volumen de agua disponible para su potabilización,2002,138.006
03,"Asturias, Principado de",Volumen de agua disponible para su potabilización,2001,124.334
03,"Asturias, Principado de",Volumen de agua disponible para su potabilización,2000,113.550
04,"Balears, Illes",Volumen de agua disponible no potabilizada,2022,88.873
04,"Balears, Illes",Volumen de agua disponible no potabilizada,2020,91.532
04,"Balears, Illes",Volumen de agua disponible no potabilizada,2018,103.868
04,"Balears, Illes",Volumen de agua disponible no potabilizada,2016,114.295
04,"Balears, Illes",Volumen de agua disponible no potabilizada,2014,107.859
04,"Balears, Illes",Volumen de agua disponible no potabilizada,2013,123.572
04,"Balears, Illes",Volumen de agua disponible no potabilizada,2012,89.094
04,"Balears, Illes",Volumen de agua disponible no potabilizada,2011,81.755
04,"Balears, Illes",Volumen de agua disponible no potabilizada,2010,89.912
04,"Balears, Illes",Volumen de agua disponible no potabilizada,2009,89.531
04,"Balears, Illes",Volumen de agua disponible no potabilizada,2008,93.780
04,"Balears, Illes",Volumen de agua disponible no potabilizada,2007,88.694
04,"Balears, Illes",Volumen de agua disponible no potabilizada,2006,85.330
04,"Balears, Illes",Volumen de agua disponible no potabilizada,2005,93.429
04,"Balears, Illes",Volumen de agua disponible no potabilizada,2004,98.869
04,"Balears, Illes",Volumen de agua disponible no potabilizada,2003,70.815
04,"Balears, Illes",Volumen de agua disponible no potabilizada,2002,70.792
04,"Balears, Illes",Volumen de agua disponible no potabilizada,2001,64.715
04,"Balears, Illes",Volumen de agua disponible no potabilizada,2000,78.758
04,"Balears, Illes",Volumen de agua disponible para su potabilización,2022,125.249
04,"Balears, Illes",Volumen de agua disponible para su potabilización,2020,114.713
04,"Balears, Illes",Volumen de agua disponible para su potabilización,2018,119.815
04,"Balears, Illes",Volumen de agua disponible para su potabilización,2016,154.546
04,"Balears, Illes",Volumen de agua disponible para su potabilización,2014,115.980
04,"Balears, Illes",Volumen de agua disponible para su potabilización,2013,127.773
04,"Balears, Illes",Volumen de agua disponible para su potabilización,2012,111.961
04,"Balears, Illes",Volumen de agua disponible para su potabilización,2011,105.112
04,"Balears, Illes",Volumen de agua disponible para su potabilización,2010,103.954
04,"Balears, Illes",Volumen de agua disponible para su potabilización,2009,112.982
04,"Balears, Illes",Volumen de agua disponible para su potabilización,2008,118.211
04,"Balears, Illes",Volumen de agua disponible para su potabilización,2007,121.637
04,"Balears, Illes",Volumen de agua disponible para su potabilización,2006,137.026
04,"Balears, Illes",Volumen de agua disponible para su potabilización,2005,149.271
04,"Balears, Illes",Volumen de agua disponible para su potabilización,2004,137.121
04,"Balears, Illes",Volumen de agua disponible para su potabilización,2003,108.546
04,"Balears, Illes",Volumen de agua disponible para su potabilización,2002,102.663
04,"Balears, Illes",Volumen de agua disponible para su potabilización,2001,83.874
04,"Balears, Illes",Volumen de agua disponible para su potabilización,2000,97.917
05,Canarias,Volumen de agua disponible no potabilizada,2022,333.265
05,Canarias,Volumen de agua disponible no potabilizada,2020,269.035
05,Canarias,Volumen de agua disponible no potabilizada,2018,230.188
05,Canarias,Volumen de agua disponible no potabilizada,2016,255.924
05,Canarias,Volumen de agua disponible no potabilizada,2014,246.514
05,Canarias,Volumen de agua disponible no potabilizada,2013,262.685
05,Canarias,Volumen de agua disponible no potabilizada,2012,172.494
05,Canarias,Volumen de agua disponible no potabilizada,2011,192.755
05,Canarias,Volumen de agua disponible no potabilizada,2010,210.284
05,Canarias,Volumen de agua disponible no potabilizada,2009,203.355
05,Canarias,Volumen de agua disponible no potabilizada,2008,215.366
05,Canarias,Volumen de agua disponible no potabilizada,2007,233.451
05,Canarias,Volumen de agua disponible no potabilizada,2006,186.532
05,Canarias,Volumen de agua disponible no potabilizada,2005,200.825
05,Canarias,Volumen de agua disponible no potabilizada,2004,193.797
05,Canarias,Volumen de agua disponible no potabilizada,2003,165.142
05,Canarias,Volumen de agua disponible no potabilizada,2002,173.114
05,Canarias,Volumen de agua disponible no potabilizada,2001,166.678
05,Canarias,Volumen de agua disponible no potabilizada,2000,164.031
05,Canarias,Volumen de agua disponible para su potabilización,2022,324.117
05,Canarias,Volumen de agua disponible para su potabilización,2020,288.979
05,Canarias,Volumen de agua disponible para su potabilización,2018,271.547
05,Canarias,Volumen de agua disponible para su potabilización,2016,308.104
05,Canarias,Volumen de agua disponible para su potabilización,2014,252.656
05,Canarias,Volumen de agua disponible para su potabilización,2013,270.452
05,Canarias,Volumen de agua disponible para su potabilización,2012,295.043
05,Canarias,Volumen de agua disponible para su potabilización,2011,271.345
05,Canarias,Volumen de agua disponible para su potabilización,2010,261.582
05,Canarias,Volumen de agua disponible para su potabilización,2009,275.230
05,Canarias,Volumen de agua disponible para su potabilización,2008,264.858
05,Canarias,Volumen de agua disponible para su potabilización,2007,292.164
05,Canarias,Volumen de agua disponible para su potabilización,2006,247.362
05,Canarias,Volumen de agua disponible para su potabilización,2005,287.770
05,Canarias,Volumen de agua disponible para su potabilización,2004,272.562
05,Canarias,Volumen de agua disponible para su potabilización,2003,234.969
05,Canarias,Volumen de agua disponible para su potabilización,2002,220.540
05,Canarias,Volumen de agua disponible para su potabilización,2001,202.105
05,Canarias,Volumen de agua disponible para su potabilización,2000,181.581
06,Cantabria,Volumen de agua disponible no potabilizada,2022,60.790
06,Cantabria,Volumen de agua disponible no potabilizada,2020,47.298
06,Cantabria,Volumen de agua disponible no potabilizada,2018,48.024
06,Cantabria,Volumen de agua disponible no potabilizada,2016,50.021
06,Cantabria,Volumen de agua disponible no potabilizada,2014,42.743
06,Cantabria,Volumen de agua disponible no potabilizada,2013,54.015
06,Cantabria,Volumen de agua disponible no potabilizada,2012,54.100
06,Cantabria,Volumen de agua disponible no potabilizada,2011,43.096
06,Cantabria,Volumen de agua disponible no potabilizada,2010,45.382
06,Cantabria,Volumen de agua disponible no potabilizada,2009,50.832
06,Cantabria,Volumen de agua disponible no potabilizada,2008,36.495
06,Cantabria,Volumen de agua disponible no potabilizada,2007,49.494
06,Cantabria,Volumen de agua disponible no potabilizada,2006,31.981
06,Cantabria,Volumen de agua disponible no potabilizada,2005,68.013
06,Cantabria,Volumen de agua disponible no potabilizada,2004,65.452
06,Cantabria,Volumen de agua disponible no potabilizada,2003,81.639
06,Cantabria,Volumen de agua disponible no potabilizada,2002,78.749
06,Cantabria,Volumen de agua disponible no potabilizada,2001,79.015
06,Cantabria,Volumen de agua disponible no potabilizada,2000,77.943
06,Cantabria,Volumen de agua disponible para su potabilización,2022,88.876
06,Cantabria,Volumen de agua disponible para su potabilización,2020,74.654
06,Cantabria,Volumen de agua disponible para su potabilización,2018,81.205
06,Cantabria,Volumen de agua disponible para su potabilización,2016,84.785
06,Cantabria,Volumen de agua disponible para su potabilización,2014,79.873
06,Cantabria,Volumen de agua disponible para su potabilización,2013,74.094
06,Cantabria,Volumen de agua disponible para su potabilización,2012,77.625
06,Cantabria,Volumen de agua disponible para su potabilización,2011,80.852
06,Cantabria,Volumen de agua disponible para su potabilización,2010,78.810
06,Cantabria,Volumen de agua disponible para su potabilización,2009,86.564
06,Cantabria,Volumen de agua disponible para su potabilización,2008,83.193
06,Cantabria,Volumen de agua disponible para su potabilización,2007,79.711
06,Cantabria,Volumen de agua disponible para su potabilización,2006,90.139
06,Cantabria,Volumen de agua disponible para su potabilización,2005,89.886
06,Cantabria,Volumen de agua disponible para su potabilización,2004,84.216
06,Cantabria,Volumen de agua disponible para su potabilización,2003,81.379
06,Cantabria,Volumen de agua disponible para su potabilización,2002,82.220
06,Cantabria,Volumen de agua disponible para su potabilización,2001,84.673
06,Cantabria,Volumen de agua disponible para su potabilización,2000,84.472
07,Castilla y León,Volumen de agua disponible no potabilizada,2022,275.152
07,Castilla y León,Volumen de agua disponible no potabilizada,2020,253.732
07,Castilla y León,Volumen de agua disponible no potabilizada,2018,263.907
07,Castilla y León,Volumen de agua disponible no potabilizada,2016,331.012
07,Castilla y León,Volumen de agua disponible no potabilizada,2014,371.375
07,Castilla y León,Volumen de agua disponible no potabilizada,2013,421.134
07,Castilla y León,Volumen de agua disponible no potabilizada,2012,371.489
07,Castilla y León,Volumen de agua disponible no potabilizada,2011,344.626
07,Castilla y León,Volumen de agua disponible no potabilizada,2010,328.249
07,Castilla y León,Volumen de agua disponible no potabilizada,2009,317.164
07,Castilla y León,Volumen de agua disponible no potabilizada,2008,293.689
07,Castilla y León,Volumen de agua disponible no potabilizada,2007,283.169
07,Castilla y León,Volumen de agua disponible no potabilizada,2006,309.959
07,Castilla y León,Volumen de agua disponible no potabilizada,2005,353.255
07,Castilla y León,Volumen de agua disponible no potabilizada,2004,359.416
07,Castilla y León,Volumen de agua disponible no potabilizada,2003,380.924
07,Castilla y León,Volumen de agua disponible no potabilizada,2002,344.686
07,Castilla y León,Volumen de agua disponible no potabilizada,2001,334.101
07,Castilla y León,Volumen de agua disponible no potabilizada,2000,361.502
07,Castilla y León,Volumen de agua disponible para su potabilización,2022,268.457
07,Castilla y León,Volumen de agua disponible para su potabilización,2020,264.742
07,Castilla y León,Volumen de agua disponible para su potabilización,2018,286.756
07,Castilla y León,Volumen de agua disponible para su potabilización,2016,306.729
07,Castilla y León,Volumen de agua disponible para su potabilización,2014,379.036
07,Castilla y León,Volumen de agua disponible para su potabilización,2013,427.940
07,Castilla y León,Volumen de agua disponible para su potabilización,2012,348.115
07,Castilla y León,Volumen de agua disponible para su potabilización,2011,347.668
07,Castilla y León,Volumen de agua disponible para su potabilización,2010,322.295
07,Castilla y León,Volumen de agua disponible para su potabilización,2009,293.222
07,Castilla y León,Volumen de agua disponible para su potabilización,2008,307.939
07,Castilla y León,Volumen de agua disponible para su potabilización,2007,320.952
07,Castilla y León,Volumen de agua disponible para su potabilización,2006,377.058
07,Castilla y León,Volumen de agua disponible para su potabilización,2005,371.929
07,Castilla y León,Volumen de agua disponible para su potabilización,2004,389.109
07,Castilla y León,Volumen de agua disponible para su potabilización,2003,401.920
07,Castilla y León,Volumen de agua disponible para su potabilización,2002,358.541
07,Castilla y León,Volumen de agua disponible para su potabilización,2001,345.357
07,Castilla y León,Volumen de agua disponible para su potabilización,2000,372.978
08,Castilla - La Mancha,Volumen de agua disponible no potabilizada,2022,253.932
08,Castilla - La Mancha,Volumen de agua disponible no potabilizada,2020,158.056
08,Castilla - La Mancha,Volumen de agua disponible no potabilizada,2018,169.498
08,Castilla - La Mancha,Volumen de agua disponible no potabilizada,2016,144.421
08,Castilla - La Mancha,Volumen de agua disponible no potabilizada,2014,186.662
08,Castilla - La Mancha,Volumen de agua disponible no potabilizada,2013,198.031
08,Castilla - La Mancha,Volumen de agua disponible no potabilizada,2012,159.111
08,Castilla - La Mancha,Volumen de agua disponible no potabilizada,2011,197.933
08,Castilla - La Mancha,Volumen de agua disponible no potabilizada,2010,232.872
08,Castilla - La Mancha,Volumen de agua disponible no potabilizada,2009,240.626
08,Castilla - La Mancha,Volumen de agua disponible no potabilizada,2008,224.382
08,Castilla - La Mancha,Volumen de agua disponible no potabilizada,2007,227.871
08,Castilla - La Mancha,Volumen de agua disponible no potabilizada,2006,222.790
08,Castilla - La Mancha,Volumen de agua disponible no potabilizada,2005,218.719
08,Castilla - La Mancha,Volumen de agua disponible no potabilizada,2004,216.859
08,Castilla - La Mancha,Volumen de agua disponible no potabilizada,2003,225.994
08,Castilla - La Mancha,Volumen de agua disponible no potabilizada,2002,195.722
08,Castilla - La Mancha,Volumen de agua disponible no potabilizada,2001,211.160
08,Castilla - La Mancha,Volumen de agua disponible no potabilizada,2000,217.712
08,Castilla - La Mancha,Volumen de agua disponible para su potabilización,2022,251.505
08,Castilla - La Mancha,Volumen de agua disponible para su potabilización,2020,237.332
08,Castilla - La Mancha,Volumen de agua disponible para su potabilización,2018,231.617
08,Castilla - La Mancha,Volumen de agua disponible para su potabilización,2016,222.147
08,Castilla - La Mancha,Volumen de agua disponible para su potabilización,2014,239.671
08,Castilla - La Mancha,Volumen de agua disponible para su potabilización,2013,263.853
08,Castilla - La Mancha,Volumen de agua disponible para su potabilización,2012,220.096
08,Castilla - La Mancha,Volumen de agua disponible para su potabilización,2011,261.482
08,Castilla - La Mancha,Volumen de agua disponible para su potabilización,2010,243.126
08,Castilla - La Mancha,Volumen de agua disponible para su potabilización,2009,244.127
08,Castilla - La Mancha,Volumen de agua disponible para su potabilización,2008,235.230
08,Castilla - La Mancha,Volumen de agua disponible para su potabilización,2007,238.295
08,Castilla - La Mancha,Volumen de agua disponible para su potabilización,2006,236.450
08,Castilla - La Mancha,Volumen de agua disponible para su potabilización,2005,234.711
08,Castilla - La Mancha,Volumen de agua disponible para su potabilización,2004,254.141
08,Castilla - La Mancha,Volumen de agua disponible para su potabilización,2003,258.586
08,Castilla - La Mancha,Volumen de agua disponible para su potabilización,2002,219.003
08,Castilla - La Mancha,Volumen de agua disponible para su potabilización,2001,232.313
08,Castilla - La Mancha,Volumen de agua disponible para su potabilización,2000,214.724
09,Cataluña,Volumen de agua disponible no potabilizada,2022,313.937
09,Cataluña,Volumen de agua disponible no potabilizada,2020,368.578
09,Cataluña,Volumen de agua disponible no potabilizada,2018,455.790
09,Cataluña,Volumen de agua disponible no potabilizada,2016,462.818
09,Cataluña,Volumen de agua disponible no potabilizada,2014,454.294
09,Cataluña,Volumen de agua disponible no potabilizada,2013,473.753
09,Cataluña,Volumen de agua disponible no potabilizada,2012,400.324
09,Cataluña,Volumen de agua disponible no potabilizada,2011,398.859
09,Cataluña,Volumen de agua disponible no potabilizada,2010,416.452
09,Cataluña,Volumen de agua disponible no potabilizada,2009,381.959
09,Cataluña,Volumen de agua disponible no potabilizada,2008,427.979
09,Cataluña,Volumen de agua disponible no potabilizada,2007,459.249
09,Cataluña,Volumen de agua disponible no potabilizada,2006,520.612
09,Cataluña,Volumen de agua disponible no potabilizada,2005,439.319
09,Cataluña,Volumen de agua disponible no potabilizada,2004,477.937
09,Cataluña,Volumen de agua disponible no potabilizada,2003,487.984
09,Cataluña,Volumen de agua disponible no potabilizada,2002,551.486
09,Cataluña,Volumen de agua disponible no potabilizada,2001,594.511
09,Cataluña,Volumen de agua disponible no potabilizada,2000,598.012
09,Cataluña,Volumen de agua disponible para su potabilización,2022,574.062
09,Cataluña,Volumen de agua disponible para su potabilización,2020,617.993
09,Cataluña,Volumen de agua disponible para su potabilización,2018,700.729
09,Cataluña,Volumen de agua disponible para su potabilización,2016,752.556
09,Cataluña,Volumen de agua disponible para su potabilización,2014,709.444
09,Cataluña,Volumen de agua disponible para su potabilización,2013,737.442
09,Cataluña,Volumen de agua disponible para su potabilización,2012,683.885
09,Cataluña,Volumen de agua disponible para su potabilización,2011,676.860
09,Cataluña,Volumen de agua disponible para su potabilización,2010,696.780
09,Cataluña,Volumen de agua disponible para su potabilización,2009,687.763
09,Cataluña,Volumen de agua disponible para su potabilización,2008,730.184
09,Cataluña,Volumen de agua disponible para su potabilización,2007,812.766
09,Cataluña,Volumen de agua disponible para su potabilización,2006,843.437
09,Cataluña,Volumen de agua disponible para su potabilización,2005,764.718
09,Cataluña,Volumen de agua disponible para su potabilización,2004,795.991
09,Cataluña,Volumen de agua disponible para su potabilización,2003,853.834
09,Cataluña,Volumen de agua disponible para su potabilización,2002,937.513
09,Cataluña,Volumen de agua disponible para su potabilización,2001,922.308
09,Cataluña,Volumen de agua disponible para su potabilización,2000,904.455
10,Comunitat Valenciana,Volumen de agua disponible no potabilizada,2022,361.782
10,Comunitat Valenciana,Volumen de agua disponible no potabilizada,2020,416.593
10,Comunitat Valenciana,Volumen de agua disponible no potabilizada,2018,466.226
10,Comunitat Valenciana,Volumen de agua disponible no potabilizada,2016,381.035
10,Comunitat Valenciana,Volumen de agua disponible no potabilizada,2014,330.236
10,Comunitat Valenciana,Volumen de agua disponible no potabilizada,2013,401.932
10,Comunitat Valenciana,Volumen de agua disponible no potabilizada,2012,339.792
10,Comunitat Valenciana,Volumen de agua disponible no potabilizada,2011,331.421
10,Comunitat Valenciana,Volumen de agua disponible no potabilizada,2010,439.540
10,Comunitat Valenciana,Volumen de agua disponible no potabilizada,2009,469.207
10,Comunitat Valenciana,Volumen de agua disponible no potabilizada,2008,592.466
10,Comunitat Valenciana,Volumen de agua disponible no potabilizada,2007,535.344
10,Comunitat Valenciana,Volumen de agua disponible no potabilizada,2006,469.024
10,Comunitat Valenciana,Volumen de agua disponible no potabilizada,2005,409.061
10,Comunitat Valenciana,Volumen de agua disponible no potabilizada,2004,459.403
10,Comunitat Valenciana,Volumen de agua disponible no potabilizada,2003,511.411
10,Comunitat Valenciana,Volumen de agua disponible no potabilizada,2002,477.648
10,Comunitat Valenciana,Volumen de agua disponible no potabilizada,2001,478.318
10,Comunitat Valenciana,Volumen de agua disponible no potabilizada,2000,467.294
10,Comunitat Valenciana,Volumen de agua disponible para su potabilización,2022,424.329
10,Comunitat Valenciana,Volumen de agua disponible para su potabilización,2020,531.831
10,Comunitat Valenciana,Volumen de agua disponible para su potabilización,2018,583.377
10,Comunitat Valenciana,Volumen de agua disponible para su potabilización,2016,521.855
10,Comunitat Valenciana,Volumen de agua disponible para su potabilización,2014,503.873
10,Comunitat Valenciana,Volumen de agua disponible para su potabilización,2013,511.397
10,Comunitat Valenciana,Volumen de agua disponible para su potabilización,2012,518.125
10,Comunitat Valenciana,Volumen de agua disponible para su potabilización,2011,506.669
10,Comunitat Valenciana,Volumen de agua disponible para su potabilización,2010,511.572
10,Comunitat Valenciana,Volumen de agua disponible para su potabilización,2009,537.785
10,Comunitat Valenciana,Volumen de agua disponible para su potabilización,2008,673.661
10,Comunitat Valenciana,Volumen de agua disponible para su potabilización,2007,699.482
10,Comunitat Valenciana,Volumen de agua disponible para su potabilización,2006,636.805
10,Comunitat Valenciana,Volumen de agua disponible para su potabilización,2005,611.350
10,Comunitat Valenciana,Volumen de agua disponible para su potabilización,2004,671.945
10,Comunitat Valenciana,Volumen de agua disponible para su potabilización,2003,633.224
10,Comunitat Valenciana,Volumen de agua disponible para su potabilización,2002,576.884
10,Comunitat Valenciana,Volumen de agua disponible para su potabilización,2001,553.270
10,Comunitat Valenciana,Volumen de agua disponible para su potabilización,2000,534.621
11,Extremadura,Volumen de agua disponible no potabilizada,2022,95.323
11,Extremadura,Volumen de agua disponible no potabilizada,2020,91.669
11,Extremadura,Volumen de agua disponible no potabilizada,2018,99.990
11,Extremadura,Volumen de agua disponible no potabilizada,2016,114.478
11,Extremadura,Volumen de agua disponible no potabilizada,2014,113.580
11,Extremadura,Volumen de agua disponible no potabilizada,2013,121.939
11,Extremadura,Volumen de agua disponible no potabilizada,2012,115.892
11,Extremadura,Volumen de agua disponible no potabilizada,2011,143.704
11,Extremadura,Volumen de agua disponible no potabilizada,2010,161.216
11,Extremadura,Volumen de agua disponible no potabilizada,2009,164.497
11,Extremadura,Volumen de agua disponible no potabilizada,2008,198.115
11,Extremadura,Volumen de agua disponible no potabilizada,2007,166.019
11,Extremadura,Volumen de agua disponible no potabilizada,2006,178.754
11,Extremadura,Volumen de agua disponible no potabilizada,2005,179.413
11,Extremadura,Volumen de agua disponible no potabilizada,2004,178.584
11,Extremadura,Volumen de agua disponible no potabilizada,2003,124.854
11,Extremadura,Volumen de agua disponible no potabilizada,2002,122.286
11,Extremadura,Volumen de agua disponible no potabilizada,2001,131.915
11,Extremadura,Volumen de agua disponible no potabilizada,2000,147.332
11,Extremadura,Volumen de agua disponible para su potabilización,2022,103.022
11,Extremadura,Volumen de agua disponible para su potabilización,2020,101.922
11,Extremadura,Volumen de agua disponible para su potabilización,2018,117.393
11,Extremadura,Volumen de agua disponible para su potabilización,2016,119.857
11,Extremadura,Volumen de agua disponible para su potabilización,2014,123.796
11,Extremadura,Volumen de agua disponible para su potabilización,2013,133.116
11,Extremadura,Volumen de agua disponible para su potabilización,2012,135.533
11,Extremadura,Volumen de agua disponible para su potabilización,2011,151.693
11,Extremadura,Volumen de agua disponible para su potabilización,2010,167.922
11,Extremadura,Volumen de agua disponible para su potabilización,2009,167.392
11,Extremadura,Volumen de agua disponible para su potabilización,2008,190.981
11,Extremadura,Volumen de agua disponible para su potabilización,2007,167.655
11,Extremadura,Volumen de agua disponible para su potabilización,2006,183.225
11,Extremadura,Volumen de agua disponible para su potabilización,2005,177.465
11,Extremadura,Volumen de agua disponible para su potabilización,2004,189.822
11,Extremadura,Volumen de agua disponible para su potabilización,2003,158.555
11,Extremadura,Volumen de agua disponible para su potabilización,2002,150.887
11,Extremadura,Volumen de agua disponible para su potabilización,2001,160.139
11,Extremadura,Volumen de agua disponible para su potabilización,2000,144.792
12,Galicia,Volumen de agua disponible no potabilizada,2022,374.955
12,Galicia,Volumen de agua disponible no potabilizada,2020,250.557
12,Galicia,Volumen de agua disponible no potabilizada,2018,234.953
12,Galicia,Volumen de agua disponible no potabilizada,2016,259.659
12,Galicia,Volumen de agua disponible no potabilizada,2014,280.817
12,Galicia,Volumen de agua disponible no potabilizada,2013,274.340
12,Galicia,Volumen de agua disponible no potabilizada,2012,269.823
12,Galicia,Volumen de agua disponible no potabilizada,2011,264.904
12,Galicia,Volumen de agua disponible no potabilizada,2010,275.857
12,Galicia,Volumen de agua disponible no potabilizada,2009,295.886
12,Galicia,Volumen de agua disponible no potabilizada,2008,272.487
12,Galicia,Volumen de agua disponible no potabilizada,2007,257.167
12,Galicia,Volumen de agua disponible no potabilizada,2006,262.550
12,Galicia,Volumen de agua disponible no potabilizada,2005,274.625
12,Galicia,Volumen de agua disponible no potabilizada,2004,306.655
12,Galicia,Volumen de agua disponible no potabilizada,2003,333.146
12,Galicia,Volumen de agua disponible no potabilizada,2002,322.639
12,Galicia,Volumen de agua disponible no potabilizada,2001,307.548
12,Galicia,Volumen de agua disponible no potabilizada,2000,294.853
12,Galicia,Volumen de agua disponible para su potabilización,2022,382.511
12,Galicia,Volumen de agua disponible para su potabilización,2020,250.128
12,Galicia,Volumen de agua disponible para su potabilización,2018,251.902
12,Galicia,Volumen de agua disponible para su potabilización,2016,291.727
12,Galicia,Volumen de agua disponible para su potabilización,2014,303.711
12,Galicia,Volumen de agua disponible para su potabilización,2013,272.329
12,Galicia,Volumen de agua disponible para su potabilización,2012,282.076
12,Galicia,Volumen de agua disponible para su potabilización,2011,285.596
12,Galicia,Volumen de agua disponible para su potabilización,2010,279.147
12,Galicia,Volumen de agua disponible para su potabilización,2009,293.049
12,Galicia,Volumen de agua disponible para su potabilización,2008,302.969
12,Galicia,Volumen de agua disponible para su potabilización,2007,320.046
12,Galicia,Volumen de agua disponible para su potabilización,2006,295.998
12,Galicia,Volumen de agua disponible para su potabilización,2005,327.676
12,Galicia,Volumen de agua disponible para su potabilización,2004,356.425
12,Galicia,Volumen de agua disponible para su potabilización,2003,345.096
12,Galicia,Volumen de agua disponible para su potabilización,2002,351.862
12,Galicia,Volumen de agua disponible para su potabilización,2001,341.118
12,Galicia,Volumen de agua disponible para su potabilización,2000,324.781
13,"Madrid, Comunidad de",Volumen de agua disponible no potabilizada,2022,495.462
13,"Madrid, Comunidad de",Volumen de agua disponible no potabilizada,2020,491.489
13,"Madrid, Comunidad de",Volumen de agua disponible no potabilizada,2018,478.792
13,"Madrid, Comunidad de",Volumen de agua disponible no potabilizada,2016,488.107
13,"Madrid, Comunidad de",Volumen de agua disponible no potabilizada,2014,497.023
13,"Madrid, Comunidad de",Volumen de agua disponible no potabilizada,2013,499.229
13,"Madrid, Comunidad de",Volumen de agua disponible no potabilizada,2012,528.990
13,"Madrid, Comunidad de",Volumen de agua disponible no potabilizada,2011,554.887
13,"Madrid, Comunidad de",Volumen de agua disponible no potabilizada,2010,538.847
13,"Madrid, Comunidad de",Volumen de agua disponible no potabilizada,2009,556.271
13,"Madrid, Comunidad de",Volumen de agua disponible no potabilizada,2008,565.874
13,"Madrid, Comunidad de",Volumen de agua disponible no potabilizada,2007,578.337
13,"Madrid, Comunidad de",Volumen de agua disponible no potabilizada,2006,642.341
13,"Madrid, Comunidad de",Volumen de agua disponible no potabilizada,2005,656.522
13,"Madrid, Comunidad de",Volumen de agua disponible no potabilizada,2004,668.297
13,"Madrid, Comunidad de",Volumen de agua disponible no potabilizada,2003,679.171
13,"Madrid, Comunidad de",Volumen de agua disponible no potabilizada,2002,625.827
13,"Madrid, Comunidad de",Volumen de agua disponible no potabilizada,2001,631.009
13,"Madrid, Comunidad de",Volumen de agua disponible no potabilizada,2000,605.950
13,"Madrid, Comunidad de",Volumen de agua disponible para su potabilización,2022,510.813
13,"Madrid, Comunidad de",Volumen de agua disponible para su potabilización,2020,507.645
13,"Madrid, Comunidad de",Volumen de agua disponible para su potabilización,2018,494.375
13,"Madrid, Comunidad de",Volumen de agua disponible para su potabilización,2016,503.908
13,"Madrid, Comunidad de",Volumen de agua disponible para su potabilización,2014,512.384
13,"Madrid, Comunidad de",Volumen de agua disponible para su potabilización,2013,515.434
13,"Madrid, Comunidad de",Volumen de agua disponible para su potabilización,2012,548.618
13,"Madrid, Comunidad de",Volumen de agua disponible para su potabilización,2011,555.225
13,"Madrid, Comunidad de",Volumen de agua disponible para su potabilización,2010,556.605
13,"Madrid, Comunidad de",Volumen de agua disponible para su potabilización,2009,574.194
13,"Madrid, Comunidad de",Volumen de agua disponible para su potabilización,2008,574.436
13,"Madrid, Comunidad de",Volumen de agua disponible para su potabilización,2007,587.379
13,"Madrid, Comunidad de",Volumen de agua disponible para su potabilización,2006,652.433
13,"Madrid, Comunidad de",Volumen de agua disponible para su potabilización,2005,668.404
13,"Madrid, Comunidad de",Volumen de agua disponible para su potabilización,2004,673.022
13,"Madrid, Comunidad de",Volumen de agua disponible para su potabilización,2003,683.612
13,"Madrid, Comunidad de",Volumen de agua disponible para su potabilización,2002,628.971
13,"Madrid, Comunidad de",Volumen de agua disponible para su potabilización,2001,632.278
13,"Madrid, Comunidad de",Volumen de agua disponible para su potabilización,2000,616.722
14,"Murcia, Región de",Volumen de agua disponible no potabilizada,2022,27.513
14,"Murcia, Región de",Volumen de agua disponible no potabilizada,2020,26.050
14,"Murcia, Región de",Volumen de agua disponible no potabilizada,2018,26.165
14,"Murcia, Región de",Volumen de agua disponible no potabilizada,2016,43.687
14,"Murcia, Región de",Volumen de agua disponible no potabilizada,2014,25.380
14,"Murcia, Región de",Volumen de agua disponible no potabilizada,2013,29.493
14,"Murcia, Región de",Volumen de agua disponible no potabilizada,2012,33.873
14,"Murcia, Región de",Volumen de agua disponible no potabilizada,2011,16.872
14,"Murcia, Región de",Volumen de agua disponible no potabilizada,2010,20.468
14,"Murcia, Región de",Volumen de agua disponible no potabilizada,2009,18.915
14,"Murcia, Región de",Volumen de agua disponible no potabilizada,2008,107.407
14,"Murcia, Región de",Volumen de agua disponible no potabilizada,2007,149.900
14,"Murcia, Región de",Volumen de agua disponible no potabilizada,2006,45.228
14,"Murcia, Región de",Volumen de agua disponible no potabilizada,2005,49.696
14,"Murcia, Región de",Volumen de agua disponible no potabilizada,2004,73.955
14,"Murcia, Región de",Volumen de agua disponible no potabilizada,2003,74.295
14,"Murcia, Región de",Volumen de agua disponible no potabilizada,2002,72.737
14,"Murcia, Región de",Volumen de agua disponible no potabilizada,2001,88.988
14,"Murcia, Región de",Volumen de agua disponible no potabilizada,2000,49.141
14,"Murcia, Región de",Volumen de agua disponible para su potabilización,2022,127.084
14,"Murcia, Región de",Volumen de agua disponible para su potabilización,2020,129.371
14,"Murcia, Región de",Volumen de agua disponible para su potabilización,2018,126.826
14,"Murcia, Región de",Volumen de agua disponible para su potabilización,2016,134.519
14,"Murcia, Región de",Volumen de agua disponible para su potabilización,2014,125.643
14,"Murcia, Región de",Volumen de agua disponible para su potabilización,2013,127.509
14,"Murcia, Región de",Volumen de agua disponible para su potabilización,2012,134.704
14,"Murcia, Región de",Volumen de agua disponible para su potabilización,2011,137.895
14,"Murcia, Región de",Volumen de agua disponible para su potabilización,2010,138.746
14,"Murcia, Región de",Volumen de agua disponible para su potabilización,2009,145.285
14,"Murcia, Región de",Volumen de agua disponible para su potabilización,2008,153.525
14,"Murcia, Región de",Volumen de agua disponible para su potabilización,2007,188.416
14,"Murcia, Región de",Volumen de agua disponible para su potabilización,2006,153.488
14,"Murcia, Región de",Volumen de agua disponible para su potabilización,2005,166.841
14,"Murcia, Región de",Volumen de agua disponible para su potabilización,2004,162.325
14,"Murcia, Región de",Volumen de agua disponible para su potabilización,2003,147.313
14,"Murcia, Región de",Volumen de agua disponible para su potabilización,2002,133.518
14,"Murcia, Región de",Volumen de agua disponible para su potabilización,2001,164.998
14,"Murcia, Región de",Volumen de agua disponible para su potabilización,2000,108.496
15,"Navarra, Comunidad Foral de",Volumen de agua disponible no potabilizada,2022,85.440
15,"Navarra, Comunidad Foral de",Volumen de agua disponible no potabilizada,2020,69.127
15,"Navarra, Comunidad Foral de",Volumen de agua disponible no potabilizada,2018,69.410
15,"Navarra, Comunidad Foral de",Volumen de agua disponible no potabilizada,2016,127.202
15,"Navarra, Comunidad Foral de",Volumen de agua disponible no potabilizada,2014,69.168
15,"Navarra, Comunidad Foral de",Volumen de agua disponible no potabilizada,2013,76.757
15,"Navarra, Comunidad Foral de",Volumen de agua disponible no potabilizada,2012,80.575
15,"Navarra, Comunidad Foral de",Volumen de agua disponible no potabilizada,2011,98.251
15,"Navarra, Comunidad Foral de",Volumen de agua disponible no potabilizada,2010,75.212
15,"Navarra, Comunidad Foral de",Volumen de agua disponible no potabilizada,2009,66.783
15,"Navarra, Comunidad Foral de",Volumen de agua disponible no potabilizada,2008,74.632
15,"Navarra, Comunidad Foral de",Volumen de agua disponible no potabilizada,2007,83.426
15,"Navarra, Comunidad Foral de",Volumen de agua disponible no potabilizada,2006,93.877
15,"Navarra, Comunidad Foral de",Volumen de agua disponible no potabilizada,2005,95.617
15,"Navarra, Comunidad Foral de",Volumen de agua disponible no potabilizada,2004,62.577
15,"Navarra, Comunidad Foral de",Volumen de agua disponible no potabilizada,2003,81.794
15,"Navarra, Comunidad Foral de",Volumen de agua disponible no potabilizada,2002,70.206
15,"Navarra, Comunidad Foral de",Volumen de agua disponible no potabilizada,2001,69.827
15,"Navarra, Comunidad Foral de",Volumen de agua disponible no potabilizada,2000,67.654
15,"Navarra, Comunidad Foral de",Volumen de agua disponible para su potabilización,2022,76.897
15,"Navarra, Comunidad Foral de",Volumen de agua disponible para su potabilización,2020,74.237
15,"Navarra, Comunidad Foral de",Volumen de agua disponible para su potabilización,2018,67.674
15,"Navarra, Comunidad Foral de",Volumen de agua disponible para su potabilización,2016,76.093
15,"Navarra, Comunidad Foral de",Volumen de agua disponible para su potabilización,2014,71.254
15,"Navarra, Comunidad Foral de",Volumen de agua disponible para su potabilización,2013,70.294
15,"Navarra, Comunidad Foral de",Volumen de agua disponible para su potabilización,2012,84.122
15,"Navarra, Comunidad Foral de",Volumen de agua disponible para su potabilización,2011,79.823
15,"Navarra, Comunidad Foral de",Volumen de agua disponible para su potabilización,2010,73.097
15,"Navarra, Comunidad Foral de",Volumen de agua disponible para su potabilización,2009,75.060
15,"Navarra, Comunidad Foral de",Volumen de agua disponible para su potabilización,2008,73.974
15,"Navarra, Comunidad Foral de",Volumen de agua disponible para su potabilización,2007,83.970
15,"Navarra, Comunidad Foral de",Volumen de agua disponible para su potabilización,2006,90.192
15,"Navarra, Comunidad Foral de",Volumen de agua disponible para su potabilización,2005,95.593
15,"Navarra, Comunidad Foral de",Volumen de agua disponible para su potabilización,2004,62.243
15,"Navarra, Comunidad Foral de",Volumen de agua disponible para su potabilización,2003,81.418
15,"Navarra, Comunidad Foral de",Volumen de agua disponible para su potabilización,2002,70.379
15,"Navarra, Comunidad Foral de",Volumen de agua disponible para su potabilización,2001,72.675
15,"Navarra, Comunidad Foral de",Volumen de agua disponible para su potabilización,2000,67.885
16,País Vasco,Volumen de agua disponible no potabilizada,2022,225.223
16,País Vasco,Volumen de agua disponible no potabilizada,2020,197.023
16,País Vasco,Volumen de agua disponible no potabilizada,2018,184.938
16,País Vasco,Volumen de agua disponible no potabilizada,2016,160.043
16,País Vasco,Volumen de agua disponible no potabilizada,2014,230.344
16,País Vasco,Volumen de agua disponible no potabilizada,2013,237.235
16,País Vasco,Volumen de agua disponible no potabilizada,2012,189.347
16,País Vasco,Volumen de agua disponible no potabilizada,2011,165.077
16,País Vasco,Volumen de agua disponible no potabilizada,2010,186.001
16,País Vasco,Volumen de agua disponible no potabilizada,2009,193.376
16,País Vasco,Volumen de agua disponible no potabilizada,2008,223.644
16,País Vasco,Volumen de agua disponible no potabilizada,2007,204.669
16,País Vasco,Volumen de agua disponible no potabilizada,2006,218.272
16,País Vasco,Volumen de agua disponible no potabilizada,2005,254.473
16,País Vasco,Volumen de agua disponible no potabilizada,2004,285.251
16,País Vasco,Volumen de agua disponible no potabilizada,2003,414.212
16,País Vasco,Volumen de agua disponible no potabilizada,2002,361.692
16,País Vasco,Volumen de agua disponible no potabilizada,2001,366.718
16,País Vasco,Volumen de agua disponible no potabilizada,2000,244.038
16,País Vasco,Volumen de agua disponible para su potabilización,2022,117.611
16,País Vasco,Volumen de agua disponible para su potabilización,2020,197.049
16,País Vasco,Volumen de agua disponible para su potabilización,2018,198.985
16,País Vasco,Volumen de agua disponible para su potabilización,2016,186.823
16,País Vasco,Volumen de agua disponible para su potabilización,2014,209.105
16,País Vasco,Volumen de agua disponible para su potabilización,2013,225.674
16,País Vasco,Volumen de agua disponible para su potabilización,2012,207.842
16,País Vasco,Volumen de agua disponible para su potabilización,2011,230.607
16,País Vasco,Volumen de agua disponible para su potabilización,2010,248.328
16,País Vasco,Volumen de agua disponible para su potabilización,2009,245.485
16,País Vasco,Volumen de agua disponible para su potabilización,2008,266.906
16,País Vasco,Volumen de agua disponible para su potabilización,2007,271.808
16,País Vasco,Volumen de agua disponible para su potabilización,2006,251.449
16,País Vasco,Volumen de agua disponible para su potabilización,2005,279.910
16,País Vasco,Volumen de agua disponible para su potabilización,2004,292.942
16,País Vasco,Volumen de agua disponible para su potabilización,2003,418.965
16,País Vasco,Volumen de agua disponible para su potabilización,2002,364.500
16,País Vasco,Volumen de agua disponible para su potabilización,2001,368.409
16,País Vasco,Volumen de agua disponible para su potabilización,2000,273.582
17,"Rioja, La",Volumen de agua disponible no potabilizada,2022,47.014
17,"Rioja, La",Volumen de agua disponible no potabilizada,2020,42.860
17,"Rioja, La",Volumen de agua disponible no potabilizada,2018,47.524
17,"Rioja, La",Volumen de agua disponible no potabilizada,2016,39.078
17,"Rioja, La",Volumen de agua disponible no potabilizada,2014,41.370
17,"Rioja, La",Volumen de agua disponible no potabilizada,2013,56.481
17,"Rioja, La",Volumen de agua disponible no potabilizada,2012,48.748
17,"Rioja, La",Volumen de agua disponible no potabilizada,2011,49.252
17,"Rioja, La",Volumen de agua disponible no potabilizada,2010,49.425
17,"Rioja, La",Volumen de agua disponible no potabilizada,2009,53.475
17,"Rioja, La",Volumen de agua disponible no potabilizada,2008,64.703
17,"Rioja, La",Volumen de agua disponible no potabilizada,2007,39.922
17,"Rioja, La",Volumen de agua disponible no potabilizada,2006,42.532
17,"Rioja, La",Volumen de agua disponible no potabilizada,2005,48.161
17,"Rioja, La",Volumen de agua disponible no potabilizada,2004,41.887
17,"Rioja, La",Volumen de agua disponible no potabilizada,2003,45.599
17,"Rioja, La",Volumen de agua disponible no potabilizada,2002,51.505
17,"Rioja, La",Volumen de agua disponible no potabilizada,2001,45.001
17,"Rioja, La",Volumen de agua disponible no potabilizada,2000,47.034
17,"Rioja, La",Volumen de agua disponible para su potabilización,2022,55.443
17,"Rioja, La",Volumen de agua disponible para su potabilización,2020,45.417
17,"Rioja, La",Volumen de agua disponible para su potabilización,2018,46.623
17,"Rioja, La",Volumen de agua disponible para su potabilización,2016,36.861
17,"Rioja, La",Volumen de agua disponible para su potabilización,2014,35.294
17,"Rioja, La",Volumen de agua disponible para su potabilización,2013,46.482
17,"Rioja, La",Volumen de agua disponible para su potabilización,2012,46.768
17,"Rioja, La",Volumen de agua disponible para su potabilización,2011,45.445
17,"Rioja, La",Volumen de agua disponible para su potabilización,2010,45.897
17,"Rioja, La",Volumen de agua disponible para su potabilización,2009,45.906
17,"Rioja, La",Volumen de agua disponible para su potabilización,2008,64.545
17,"Rioja, La",Volumen de agua disponible para su potabilización,2007,39.565
17,"Rioja, La",Volumen de agua disponible para su potabilización,2006,42.828
17,"Rioja, La",Volumen de agua disponible para su potabilización,2005,48.358
17,"Rioja, La",Volumen de agua disponible para su potabilización,2004,42.550
17,"Rioja, La",Volumen de agua disponible para su potabilización,2003,43.147
17,"Rioja, La",Volumen de agua disponible para su potabilización,2002,50.327
17,"Rioja, La",Volumen de agua disponible para su potabilización,2001,45.162
17,"Rioja, La",Volumen de agua disponible para su potabilización,2000,47.259
18,Ceuta y Melilla,Volumen de agua disponible no potabilizada,2022,13.046
18,Ceuta y Melilla,Volumen de agua disponible no potabilizada,2020,22.949
18,Ceuta y Melilla,Volumen de agua disponible no potabilizada,2018,20.604
18,Ceuta y Melilla,Volumen de agua disponible no potabilizada,2016,20.673
18,Ceuta y Melilla,Volumen de agua disponible no potabilizada,2014,12.567
18,Ceuta y Melilla,Volumen de agua disponible no potabilizada,2013,12.795
18,Ceuta y Melilla,Volumen de agua disponible no potabilizada,2012,14.248
18,Ceuta y Melilla,Volumen de agua disponible no potabilizada,2011,3.374
18,Ceuta y Melilla,Volumen de agua disponible no potabilizada,2010,14.194
18,Ceuta y Melilla,Volumen de agua disponible no potabilizada,2009,14.425
18,Ceuta y Melilla,Volumen de agua disponible no potabilizada,2008,16.547
18,Ceuta y Melilla,Volumen de agua disponible no potabilizada,2007,19.807
18,Ceuta y Melilla,Volumen de agua disponible no potabilizada,2006,20.077
18,Ceuta y Melilla,Volumen de agua disponible no potabilizada,2005,19.988
18,Ceuta y Melilla,Volumen de agua disponible no potabilizada,2004,18.530
18,Ceuta y Melilla,Volumen de agua disponible no potabilizada,2003,20.947
18,Ceuta y Melilla,Volumen de agua disponible no potabilizada,2002,16.973
18,Ceuta y Melilla,Volumen de agua disponible no potabilizada,2001,17.932
18,Ceuta y Melilla,Volumen de agua disponible no potabilizada,2000,19.975
18,Ceuta y Melilla,Volumen de agua disponible para su potabilización,2022,13.046
18,Ceuta y Melilla,Volumen de agua disponible para su potabilización,2020,21.645
18,Ceuta y Melilla,Volumen de agua disponible para su potabilización,2018,20.604
18,Ceuta y Melilla,Volumen de agua disponible para su potabilización,2016,20.673
18,Ceuta y Melilla,Volumen de agua disponible para su potabilización,2014,20.108
18,Ceuta y Melilla,Volumen de agua disponible para su potabilización,2013,20.396
18,Ceuta y Melilla,Volumen de agua disponible para su potabilización,2012,21.497
18,Ceuta y Melilla,Volumen de agua disponible para su potabilización,2011,19.180
18,Ceuta y Melilla,Volumen de agua disponible para su potabilización,2010,20.594
18,Ceuta y Melilla,Volumen de agua disponible para su potabilización,2009,21.375
18,Ceuta y Melilla,Volumen de agua disponible para su potabilización,2008,23.799
18,Ceuta y Melilla,Volumen de agua disponible para su potabilización,2007,19.807
18,Ceuta y Melilla,Volumen de agua disponible para su potabilización,2006,20.077
18,Ceuta y Melilla,Volumen de agua disponible para su potabilización,2005,19.988
18,Ceuta y Melilla,Volumen de agua disponible para su potabilización,2004,18.530
18,Ceuta y Melilla,Volumen de agua disponible para su potabilización,2003,20.947
18,Ceuta y Melilla,Volumen de agua disponible para su potabilización,2002,22.263
18,Ceuta y Melilla,Volumen de agua disponible para su potabilización,2001,17.932
18,Ceuta y Melilla,Volumen de agua disponible para su potabilización,2000,19.975
